文件题目,发布机构,发布时间,索 引 号,关 键 字,主题分类,内容.txt
西安市工业和信息化委员会信息公开指南,工信委,2018-05-17 10:02, 013353737/2018-02800743,电子政务,电子政务,2800743.txt
西安市工业和信息化委员会信息公开工作规定,工信委,2018-04-17 10:01, 013353737/2018-02800715,电子政务,电子政务,2800715.txt
西安市工业和信息化委员会行政复议工作规定,工信委,2011-02-09 10:41, 013353737/2012-00484020,电子政务,电子政务,0484020.txt
西安市工业和信息化委员会信息公开责任追究暂行办法,工信委,2011-02-09 10:39, 013353737/2017-00484017,电子政务,电子政务,0484017.txt
西安市工业和信息化委员会信息公开社会评议暂行规定,工信委,2011-02-09 10:38, 013353737/2017-00484013,电子政务,电子政务,0484013.txt
西安市工业和信息化委员会2017年度政府网站工作年度报表,工信委,2018-01-29 09:23, 013353737/2018-02730604,报表,其他,2730604.txt
西安市工业和信息化委员会2017年政府信息公开工作年度报告,工信委,2018-01-11 20:24, 013353737/2018-02717053,电子政务,电子政务,2717053.txt
西安市工业和信息化委员会2016年政府信息公开工作年度报告,工信委,2017-02-17 15:15, 013353737/2017-02334087,电子政务,电子政务,2334087.txt
西安市工业和信息化委员会2015年政府信息公开工作年度报告,工信委,2016-01-19 12:07, 013353737/2016-01922719,电子政务,电子政务,1922719.txt
西安市工业和信息化委员会2014年政府信息公开工作报告,工信委,2015-02-10 11:30, 013353737/2015-01491251,电子政务,电子政务,1491251.txt
西安市工业和信息化委员会（市中小企业促进局）主要职责,工信委,2018-04-17 10:05, 013353737/2018-02800757,职能,其他,2800757.txt
西安市工信委领导介绍及分工,工信委,2018-06-13 17:28, 013353737/2018-00759867,领导,机关事务,0759867.txt
西安市工业和信息化委员会各处室工作职责,工信委,2018-04-17 10:21, 013353737/2018-02800863,机构,其他,2800863.txt
西安市黄金行业管理办公室,工信委,2018-04-17 17:03, 013353737/2018-02801368,机构,其他,2801368.txt
西安市节能监察监测中心,工信委,2018-04-17 17:02, 013353737/2018-02801358,机构,其他,2801358.txt
西安市工业交通干部学校（专技继续教育）,工信委,2018-04-17 16:58, 013353737/2018-02801345,机构,其他,2801345.txt
西安市工业技工学校,工信委,2018-04-17 16:56, 013353737/2018-02801339,机构,其他,2801339.txt
西安市信息中心（西安市联合征信中心）,工信委,2018-04-17 15:53, 013353737/2018-02801270,机构,其他,2801270.txt
西安市社区信息服务管理中心,工信委,2018-04-17 14:17, 013353737/2018-02801098,机构,其他,2801098.txt
西安市中小企业服务中心,工信委,2018-04-17 12:01, 013353737/2018-02801051,机构,其他,2801051.txt
工业和信息化部关于印发《推动企业上云实施指南（2018-2020年）》的通知,工信委,2018-09-07 11:22, 013353737/2018-02950515,政策,其他,2950515.txt
工业和信息化部关于印发《工业互联网平台建设及推广指南》和《工业互联网平台评价方法》的通知,工信委,2018-07-20 17:36, 013353737/2018-02917320,通知,文秘工作,2917320.txt
工业和信息化部办公厅关于印发《工业和信息化部“双随机一公开”监管实施办法》的通知,工信委,2018-07-17 10:19, 013353737/2018-02917289,通知,文秘工作,2917289.txt
道路机动车辆生产企业及产品（第305批）,工信委,2018-03-19 13:26, 013353737/2018-02774360,公告,文秘工作,2774360.txt
国务院关于深化“互联网+先进制造业”发展工业互联网的指导意见,工信委,2017-11-30 16:11, 013353737/2018-02917094,互联网+先进制造业,其他,2917094.txt
中华人民共和国中小企业促进法,工信委,2017-09-04 17:42, 013353737/2018-02573371,法律,司法,2573371.txt
工业和信息化部财政部关于推动中小企业公共服务平台网络有效运营的指导意见,工信委,2017-08-03 16:21, 013353737/2018-02514274,意见,文秘工作,2514274.txt
国家中小企业公共服务示范平台认定管理办法,工信委,2017-07-05 14:53, 013353737/2018-02488870,办法,文秘工作,2488870.txt
新能源汽车生产企业及产品准入管理规定,工信委,2017-01-16 17:58, 013353737/2018-02573393,规定,文秘工作,2573393.txt
两部委关于促进食品工业健康发展的指导意见,工信委,2017-01-14 14:15, 013353737/2018-02744385,食品工业,其他,2744385.txt
医药工业发展规划指南,工信委,2016-11-08 14:09, 013353737/2018-02744376,规划,国民经济发展规划、计划,2744376.txt
石化和化学工业发展规划（2016-2020年）,工信委,2016-10-17 11:42, 013353737/2018-02744319,规划,国民经济发展规划、计划,2744319.txt
新《中华人民共和国节约能源法》（2016年7月修订）,工信委,2016-10-08 15:52, 013353737/2018-02745914,法律,司法,2745914.txt
纺织工业发展规划（2016－2020年）,工信委,2016-09-30 14:11, 013353737/2018-02744379,规划,国民经济发展规划、计划,2744379.txt
轻工业发展规划（2016－2020年）,工信委,2016-08-12 14:07, 013353737/2018-02744373,规划,国民经济发展规划、计划,2744373.txt
水泥行业规范条件（2015年本）,工信委,2015-02-02 14:28, 013353737/2018-02744465,规范,其他,2744465.txt
​中华人民共和国监控化学品管理条例,工信委,2014-05-22 17:51, 013353737/2018-01061097,危险化学品,安全生产监管,1061097.txt
​《中华人民共和国监控化学品管理条例》实施细则,工信委,2014-05-22 17:49, 013353737/2018-01061093,危险化学品,安全生产监管,1061093.txt
各类监控化学品名录,工信委,2014-05-22 17:48, 013353737/2018-01061078,危险化学品,安全生产监管,1061078.txt
国务院关于推进物联网有序健康发展的指导意见,工信委,2013-02-21 16:33, 013353737/2018-00581238,意见,文秘工作,0581238.txt
国务院关于大力推进信息化发展和切实保障信息安全的若干意见,工信委,2013-02-21 16:29, 013353737/2018-00581233,意见,文秘工作,0581233.txt
工业和信息化部关于推进物流信息化工作的指导意见,工信委,2013-02-21 12:59, 013353737/2018-00580991,信息化,其他,0580991.txt
乳制品工业产业政策（2009年修订）,工信委,2011-11-23 19:06, 013353737/2018-02744487,产业政策,其他,2744487.txt
乳制品加工行业准入条件,工信委,2011-11-23 19:05, 013353737/2018-02744500,乳制品加工,其他,2744500.txt
耐火粘土（高铝粘土）行业准入标准,工信委,2011-11-23 14:58, 013353737/2018-02745780,标准,标准,2745780.txt
磷铵行业准入公告管理暂行办法,工信委,2011-11-22 22:55, 013353737/2018-02745801,办法,文秘工作,2745801.txt
氟化氢行业准入公告管理暂行办法,工信委,2011-11-22 22:50, 013353737/2018-02745820,办法,文秘工作,2745820.txt
西安市人民政府办公厅关于支持实体经济发展若干财税措施的意见,工信委,2018-07-14 10:15, 013353737/2018-02958891,意见,文秘工作,2958891.txt
西安市人民政府办公厅关于印发《西安市新能源汽车推广应用地方财政补贴资金管理暂行办法》的通知,工信委,2018-06-01 18:13, 013353737/2018-02958885,通知,文秘工作,2958885.txt
西安市人民政府办公厅关于印发《弘扬企业家精神 营造诚信市场环境行动方案》的通知,工信委,2018-05-14 10:10, 013353737/2018-02958882,通知,文秘工作,2958882.txt
西安市人民政府办公厅关于印发加强和改善营商环境五个工作方案和二十一个行动方案的通知,工信委,2018-05-08 09:09, 013353737/2018-02958879,通知,文秘工作,2958879.txt
西安市人民政府办公厅关于印发促进光伏产业持续健康发展实施意见的通知,工信委,2018-04-18 18:07, 013353737/2018-02958870,通知,文秘工作,2958870.txt
关于印发西安市2018年政府工作报告任务分解意见的通知,工信委,2018-03-19 14:14, 013353737/2018-02774381,通知,文秘工作,2774381.txt
西安市工业补短板实施方案,工信委,2018-02-23 20:02, 013353737/2018-02917851,工业补短板,其他,2917851.txt
关于加快工业优结构促发展的实施意见,工信委,2018-02-06 20:22, 013353737/2018-02917893,工业优结构促发展,其他,2917893.txt
关于印发西安市新能源汽车生产销售企业及产品审核备案暂行规定的通知,工信委,2017-11-20 15:56, 013353737/2018-02630685,通知,文秘工作,2630685.txt
西安市人民政府印发关于推动2017年下半年工业促投资稳增长实施意见的通知,工信委,2017-10-18 14:54, 013353737/2018-02601514,投资,重大项目建设,2601514.txt
西安市公共信用信息管理办法,工信委,2017-09-19 15:56, 013353737/2018-02576376,办法,文秘工作,2576376.txt
西安市大数据产业发展实施方案（2017—2021年）,工信委,2017-08-08 16:43, 013353737/2018-02522895,方案,文秘工作,2522895.txt
西安市人民政府办公厅关于印发营造良好市场环境促进有色金属工业调结构促转型增效益实施方案（2016—2020年）的通知,工信委,2017-07-25 15:32, 013353737/2018-02508396,通知,文秘工作,2508396.txt
西安市人民政府关于印发供给侧结构性改革去产能行动计划的通知,工信委,2017-07-18 19:01, 013353737/2018-02507076,改革,经济体制改革,2507076.txt
西安市人民政府关于促进民营经济加快发展的若干意见,工信委,2017-07-18 14:28, 013353737/2018-02504475,民营,国民经济发展规划、计划,2504475.txt
组合拳！西安将多措并举促进规上工业企业群发展壮大,工信委,2018-09-07 11:33, 013353737/2018-02950541,解读,其他,2950541.txt
《推动企业上云实施指南（2018-2020年）》解读,工信委,2018-09-07 11:23, 013353737/2018-02950522,政策,其他,2950522.txt
《工业互联网平台评价方法》解读,工信委,2018-07-20 17:38, 013353737/2018-02917339,工业互联网平台,其他,2917339.txt
《工业互联网平台建设及推广指南》解读,工信委,2018-07-20 17:37, 013353737/2018-02917326,工业互联网平台,其他,2917326.txt
《工业和信息化部“双随机一公开”监管实施办法》解读,工信委,2018-07-17 10:35, 013353737/2018-02917308,双随机一公开,其他,2917308.txt
《关于加快工业优结构促发展的实施意见》解读,工信委,2018-04-29 11:13, 013353737/2018-02814821,政策,其他,2814821.txt
为追赶超越和国际化大都市建设提供强有力的产业支撑——《西安市工业补短板实施方案》解读,工信委,2018-04-29 11:03, 013353737/2018-02814817,政策,其他,2814817.txt
图解：陕西省民间投资追赶超越发展行动计划,工信委,2018-03-23 10:11, 013353737/2018-02778990,政策解读,其他,2778990.txt
《关于深化“互联网+先进制造业”发展工业互联网的指导意见》的系列解读 解读五：构建工业互联网生态体系,业和信息化部,2018-02-12 16:48, 013353737/2018-02746023,政策,其他,2746023.txt
《关于深化“互联网+先进制造业”发展工业互联网的指导意见》的系列解读 解读四：培育产业促进融合,业和信息化部,2018-02-12 16:04, 013353737/2018-02746020,政策,其他,2746020.txt
《关于深化“互联网+先进制造业”发展工业互联网的指导意见》的系列解读 解读三：强化安全保障,业和信息化部,2018-02-12 16:03, 013353737/2018-02745950,政策,其他,2745950.txt
《关于深化“互联网+先进制造业”发展工业互联网的指导意见》的系列解读 解读二：打造平台体系,业和信息化部,2018-02-12 16:01, 013353737/2018-02745946,政策,其他,2745946.txt
《关于深化“互联网+先进制造业”发展工业互联网的指导意见》的系列解读 解读一：夯实网络基础,业和信息化部,2018-02-12 15:59, 013353737/2018-02745934,政策,其他,2745934.txt
2018年全国工业和信息化工作会议解读,工信委,2017-12-25 15:40, 013353737/2018-02701764,会议,文秘工作,2701764.txt
《关于深化“互联网+先进制造业”发展工业互联网的指导意见》解读,工信委,2017-11-30 17:23, 013353737/2018-02917235,互联网+先进制造业,其他,2917235.txt
中共西安市工业和信息化委员会党组关于张英杰巩庆平同志任职的通知,工信委,2018-07-03 10:05, 013353737/2018-02945516,职务任免,人事工作,2945516.txt
中共西安市工业和信息化委员会党组关于郭延兵等同志任职的通知,工信委,2018-06-15 18:42, 013353737/2018-02945920,职务任免,人事工作,2945920.txt
中共西安市工业和信息化委员会党组关于任敏同志任职的通知,工信委,2018-06-14 11:02, 013353737/2018-02945503,职务任免,人事工作,2945503.txt
中共西安市工业和信息化委员会党组关于黄京武等同志职务任免的通知,工信委,2018-03-01 14:20, 013353737/2018-02945890,职务任免,人事工作,2945890.txt
尤骁任西安市工业和信息化委员会（市中小企业促进局）副主任（副局长）,工信委,2017-08-31 11:04, 013353737/2017-02544402,职务任免,人事工作,2544402.txt
关于谭志恒、朱新宇同志任职的通知,工信委,2017-07-04 14:18, 013353737/2017-02488867,任免,人事工作,2488867.txt
金乾生任西安市工业和信息化委员会（市中小企业促进局）巡视员,工信委,2017-06-26 13:53, 013353737/2017-02482219,职务任免,人事工作,2482219.txt
韩博、寇联岗任西安市工业和信息化委员会（市中小企业促进局）副主任（副局长）,工信委,2017-06-07 13:57, 013353737/2017-02482227,职务任免,人事工作,2482227.txt
孙琦峰同志任市工业和信息化委员会（市中小企业促进局）党组书记、主任（局长）,工信委,2017-04-28 13:34, 013353737/2017-02482144,职务任免,人事工作,2482144.txt
​关于任于安同志到龄免职退休的通知,工信委,2016-12-15 15:08, 013353737/2017-02278801,退休,人事工作,2278801.txt
关于蔡如川同志任免职的通知,工信委,2016-04-01 21:54, 013353737/2016-02022655,职务任免,人事工作,2022655.txt
关于巩庆平、白兴义同志任免职的通知,工信委,2016-04-01 21:52, 013353737/2016-02022649,职务任免,人事工作,2022649.txt
关于张英杰等同志任免职的通知,工信委,2016-04-01 21:51, 013353737/2016-02022646,职务任免,人事工作,2022646.txt
​关于庞广龙等同志职务任免的通知,工信委,2015-12-21 15:29, 013353737/2015-01902042,职务任免,人事工作,1902042.txt
西安市工业和信息化委员会2017年度部门决算,工信委,2018-09-21 19:17, 013353737/2018-02964307,决算,财政,2964307.txt
西安市工业和信息化委员会2018年部门综合预算,工信委,2018-02-28 14:39, 013353737/2018-02754315,预算,财政,2754315.txt
西安市工业和信息化委员会2016年度部门决算,工信委,2017-09-21 13:50, 013353737/2017-02577327,决算,财政,2577327.txt
西安市工业和信息化委员会2017年度部门预算,工信委,2017-03-30 14:33, 013353737/2017-02355902,财政预决算,财政,2355902.txt
西安市工业和信息化委员会2015年度部门决算,工信委,2016-09-23 13:57, 013353737/2017-02166848,财政预决算,财政,2166848.txt
西安市工业和信息化委员会2016年度财政预算,工信委,2016-02-29 16:40, 013353737/2017-01989741,预算,财政,1989741.txt
西安市工业和信息化委员会2014年部门决算,工信委,2015-10-31 12:34, 013353737/2015-01852007,决算,财政,1852007.txt
西安市工业和信息化委员会2015年度财政预算,工信委,2015-02-27 15:02, 000000000/2015-01488726,预算,财政,1488726.txt
西安市工业和信息化委员会2017年度部门“三公”经费支出情况,工信委,2018-09-21 19:28, 013353737/2018-02964322,经费,财政,2964322.txt
西安市工业和信息化委员会2018年度部门“三公”经费预算情况,工信委,2018-02-28 14:43, 013353737/2018-02754103,预算,财政,2754103.txt
西安市工业和信息化委员会2016年度部门“三公”经费支出情况,工信委,2017-09-21 14:05, 013353737/2017-02577634,经费,财政,2577634.txt
西安市工业和信息化委员会2015年度部门“三公”经费支出情况,工信委,2016-09-23 14:15, 013353737/2016-02166851,经费,财政,2166851.txt
西安市工业和信息化委员会2014年部门“三公”经费支出情况,工信委,2015-10-31 13:04, 013353737/2015-01852017,经费,财政,1852017.txt
西安市工业和信息化委员会2015年“三公”经费预算,工信委,2015-02-27 15:30, 000000000/2015-01490972,经费,财政,1490972.txt
关于2016年四季度西安地区个人购买新能源汽车有关补贴资金的公示,工信委,2018-01-31 20:34, 013353737/2018-02735264,公示,其他,2735264.txt
关于2016年四季度西安地区单位购买新能源汽车有关补贴资金的公示,工信委,2018-01-31 20:19, 013353737/2018-02735255,公示,其他,2735255.txt
2017年西安市支持区县工业园区发展专项资金项目评审得分结果公布表,工信委,2017-04-27 17:45, 013353737/2017-02398284,资金,财政,2398284.txt
西安市工业发展专项资金管理办法,工信委,2010-04-05 16:50, 013353737/2013-00581259,资金,财政,发〔2010〕248号,0581259.txt
西安市人民政府关于进一步加强社会信用体系建设的意见,工信委,2016-06-30 20:31, 013353737/2018-02461533,信用体系,信用,2461533.txt
西安市人民政府办公厅关于印发西安市“十三五”工业发展规划的通知,工信委,2016-05-21 22:34, 013353737/2018-02058750,规划,国民经济发展规划、计划,2058750.txt
2016年全市工业和信息化工作要点,工信委,2016-03-31 12:41, 013353737/2016-02088415,规划,国民经济发展规划、计划,2088415.txt
中共西安市工业和信息化委员会机关委员会2016年党建工作要点,工信委,2016-03-31 12:38, 013353737/2016-02088412,规划,国民经济发展规划、计划,2088412.txt
市纪委派驻市工信委纪检组2016年工作要点,工信委,2016-03-02 12:37, 013353737/2016-02088409,纪检,监察,2088409.txt
西安市人民政府办公厅关于印发西安市贯彻中国制造2025实施意见的通知,工信委,2015-09-08 13:31, 013353737/2018-01816299,通知,文秘工作,1816299.txt
1-7月西安规模以上工业增长9.7%,工信委,2018-08-23 19:59, 013353737/2018-02945974,统计,统计,2945974.txt
2018年1-7月西安市规模以上工业增长9.7%,工信委,2018-08-21 10:57, 013353737/2018-02945965,统计,统计,2945965.txt
工业效益稳步提升 存在问题不容忽视,工信委,2018-08-14 14:56, 013353737/2018-02945958,统计,统计,2945958.txt
工业经济稳中有进 增长后劲有待增强,工信委,2018-08-02 15:30, 013353737/2018-02916922,统计,统计,2916922.txt
【解读】上半年西安市规模以上工业增长10.4%,工信委,2018-07-24 16:29, 013353737/2018-02916919,统计,统计,2916919.txt
2018年1-6月西安市规模以上工业增长10.4%,工信委,2018-07-24 16:28, 013353737/2018-02916905,统计,统计,2916905.txt
1-5月全市规上工业综合能耗增速回落,工信委,2018-07-03 15:27, 013353737/2018-02916893,统计,统计,2916893.txt
1-5月西安规模以上工业增长10.6%,工信委,2018-06-26 17:09, 013353737/2018-02881626,统计,统计,2881626.txt
2018年1-5月西安市规模以上工业增长10.6%,工信委,2018-06-22 17:08, 013353737/2018-02881623,统计,统计,2881623.txt
2018年1-4月西安市规模以上工业增长10.9%,工信委,2018-05-22 16:15, 013353737/2018-02881620,统计,统计,2881620.txt
2018年一季度西安市规模以上工业增长10.9%,工信委,2018-04-23 15:05, 013353737/2018-02881613,统计,统计,2881613.txt
2018年一季度西安市规模以上工业开局良好,工信委,2018-04-20 17:03, 013353737/2018-02881610,统计,统计,2881610.txt
1-2月全市规模以上工业起步较好,工信委,2018-04-02 18:05, 013353737/2018-02805388,统计,统计,2805388.txt
2018年1-2月西安市规模以上工业增长11.0%,工信委,2018-03-21 18:03, 013353737/2018-02805385,统计,统计,2805385.txt
【数据发布】2017年全市规模以上工业增长5.8%,计局综合处,2018-02-14 16:02, 013353737/2018-02748168,统计,统计,2748168.txt
【解读】2017年西安规模以上工业平稳增长,计局综合处,2018-02-14 16:00, 013353737/2018-02748165,统计,统计,2748165.txt
2017年1-11月西安市规模以上工业增长5.4%,计局综合处,2017-12-29 16:06, 013353737/2018-02748190,统计,统计,2748190.txt
2017年1-11月规模以上工业平稳增长,计局综合处,2017-12-29 16:03, 013353737/2018-02748182,统计,统计,2748182.txt
2017年1-10月西安市规模以上工业增长4.9%,计局综合处,2017-11-24 16:07, 013353737/2018-02748197,统计,统计,2748197.txt
2017年1-9月西安市规模以上工业增长5.0%,计局综合处,2017-10-31 16:10, 013353737/2018-02748205,统计,统计,2748205.txt
2017年1-8月西安市规模以上工业增长4.5%,计局综合处,2017-09-21 13:19, 013353737/2018-02578818,统计,统计,2578818.txt
2017年1-7月西安市规模以上工业增长5.0%,计局综合处,2017-08-28 15:20, 013353737/2018-02542140,统计,统计,2542140.txt
2017年1-6月西安市规模以上工业增长5.5%,计局综合处,2017-07-21 13:16, 013353737/2018-02504454,统计,统计,2504454.txt
2017年1-5月全市规模以上工业小幅回落,工信委,2017-06-22 13:31, 013353737/2018-02457656,统计,统计,2457656.txt
2017年1-5月份西安市规模以上工业增长4.8%,工信委,2017-06-22 13:30, 013353737/2018-02457653,统计,统计,2457653.txt
1-4月西安市工业经济平稳增长,工信委,2017-05-31 21:11, 013353737/2018-02435491,统计,统计,2435491.txt
2017年1-4月西安市规模以上工业增长5.0%,工信委,2017-05-26 21:54, 013353737/2018-02432288,统计,统计,2432288.txt
2017年一季度西安市规模以上工业能耗增长3.9%,工信委,2017-04-27 22:05, 013353737/2018-02398380,统计,统计,2398380.txt
解读:一季度规模以上工业增加值增长6.0%,工信委,2017-04-27 22:03, 013353737/2018-02398376,统计,统计,2398376.txt
2017年1-3月西安市规模以上工业增长6.0%,工信委,2017-04-21 22:20, 013353737/2018-02385423,统计,统计,2385423.txt
1-2月西安规模以上工业增加值平稳增长,工信委,2017-03-31 14:19, 013353737/2018-02357564,统计,统计,2357564.txt
2017年1-2月西安市规模以上工业增长5.0%,工信委,2017-03-24 23:07, 013353737/2018-02350377,统计,统计,2350377.txt
西安市工业和信息化委员会关于确定我市第一批自动驾驶汽车测试道路的公告,工信委,2018-09-30 19:02, 013353737/2018-02972247,公告,文秘工作,2972247.txt
西安市工业和信息化委员会 西安市财政局 关于下达兑现2017年下半年工业加大投资和开拓市场奖励资金计划的通知,工信委,2018-09-27 23:31, 013353737/2018-02968671,通知,文秘工作,2968671.txt
西安市工业和信息化委员会 西安市财政局 关于印发2019年工业发展专项资金促进光伏产业持续健康发展项目申报指南的通知,工信委,2018-09-20 09:20, 013353737/2018-02961325,通知,文秘工作,2961325.txt
西安市工业和信息化委员会 西安市财政局关于做好军工单位民品研发生产企业发展奖励和民口企业申请军品资格认证奖励申请审核工作的通知,工信委,2018-09-14 17:51, 013353737/2018-02958777,通知,文秘工作,2958777.txt
西安市工业和信息化委员会 西安市财政局 关于印发军民融合补短板促发展 项目申报指南的通知,工信委,2018-09-14 17:41, 013353737/2018-02958750,通知,文秘工作,2958750.txt
西安市工业和信息化委员会关于征求干部作风问题的公告,工信委,2018-09-06 12:47, 013353737/2018-02949367,公告,文秘工作,2949367.txt
西安市工业和信息化委员会关于邀请会计师事务所对2016年以前省市级项目验收的通知,工信委,2018-08-22 15:50, 013353737/2018-02936346,通知,文秘工作,2936346.txt
西安市工业和信息化委员会关于选聘承担区块链产业发展规划编制单位的公告,工信委,2018-08-01 12:39, 013353737/2018-02915124,区块链、公告,其他,2915124.txt
西安市中小企业促进局关于组织中小企业参加第十五届中国国际中小企业博览会的通知,工信委,2018-07-25 17:58, 013353737/2018-02908832,通知,文秘工作,2908832.txt
​西安市工业和信息化委员会关于申报第四届陕西省工艺美术大师评选工作的补充说明,工信委,2018-07-24 19:42, 013353737/2018-02907407,说明,其他,2907407.txt
​西安市工业和信息化委员会关于填报2018年企业技术中心上半年快报简表的通知,工信委,2018-07-20 18:37, 013353737/2018-02904513,通知,文秘工作,2904513.txt
西安市工业和信息化委员会关于邀请会计师事务所对市2018年度园区（基地）标准化厂房出租补助审核的通知,工信委,2018-07-16 16:48, 013353737/2018-02899340,通知,文秘工作,2899340.txt
西安市工业和信息化委员会转发《陕西省工信厅关于开展2018年物联网集成创新与融合应用项目征集工作的通知》,工信委,2018-07-15 11:19, 013353737/2018-02898356,通知,文秘工作,2898356.txt
西安市工业和信息化委员会关于选聘承担军民融合课题调研单位的公告,工信委,2018-07-04 19:20, 013353737/2018-02889828,公告,文秘工作,2889828.txt
西安市工业和信息化委员会 西安市财政局 关于组织申报2018年陕西省技术创新示范企业的通知,工信委,2018-07-02 10:12, 013353737/2018-02887304,通知,文秘工作,2887304.txt
西安市工业和信息化委员会关于遴选会计师事务所参与西安市2018年（第13批）企业技术中心认定专项复核审计的通知,工信委,2018-06-29 15:06, 013353737/2018-02886058,通知,文秘工作,2886058.txt
西安市工业和信息化委员会 西安市财政局 关于申报2017年度西安市军工仪器设备共享补助奖励的通知,工信委,2018-06-29 14:43, 013353737/2018-02885956,通知,文秘工作,2885956.txt
西安市中小企业促进局转发陕西省中小企业促进局关于推荐第四批省级中小企业成长梯队企业的通知,工信委,2018-06-20 18:11, 013353737/2018-02876344,通知,文秘工作,2876344.txt
西安市工业和信息化委员会关于做好2018年西安市技术创新项目申报工作的通知,工信委,2018-06-13 17:31, 013353737/2018-02870849,通知,文秘工作,2870849.txt
西安市工业和信息化委员会关于申报西安市2018年新能源汽车生产销售企业及产品审核备案的通知,工信委,2018-06-13 11:12, 013353737/2018-02870302,通知,文秘工作,2870302.txt
​西安市工业和信息化委员会转发陕西省工信厅关于开展我省人工智能产业发展情况调研的通知,工信委,2018-06-05 17:12, 013353737/2018-02861256,通知,文秘工作,2861256.txt
西安市工业和信息化委员会关于组织2018年人工智能与实体经济深度融合创新项目申报工作的通知,工信委,2018-06-05 15:08, 013353737/2018-02860961,通知,文秘工作,2860961.txt
西安市工业和信息化委员会关于邀请会计师事务所对市2017年下半年工业促投资稳增长奖励（拓展市场类）申报资料复核审计的通知,工信委,2018-05-31 17:12, 013353737/2018-02856551,通知,文秘工作,2856551.txt
西安市工业和信息化委员会西安市财政局关于公布西安市涉企保证金目录清单的通知,工信委,2018-05-31 17:10, 013353737/2018-02945156,保证金,其他,2945156.txt
西安市中小企业促进局关于邀请会计师事务所对2018年市中小微型企业信用担保机构担保补贴资金项目进行审核的函,工信委,2018-05-30 16:58, 013353737/2018-02854023,函,文秘工作,2854023.txt
西安市中小企业促进局关于征集第五批西安市中小企业公共服务示范平台的通知,工信委,2018-05-29 16:06, 013353737/2018-02851087,通知,文秘工作,2851087.txt
西安市中小企业促进局关于推荐申报2018年国家级和省级中小企业公共服务示范平台的通知,工信委,2018-05-28 16:03, 013353737/2018-02848900,通知,文秘工作,2848900.txt
​西安市中小企业促进局关于印发《西安市中小企业公共服务示范平台认定管理办法》的通知,工信委,2018-05-25 18:59, 013353737/2018-02846698,通知,文秘工作,2846698.txt
​关于印发2018年市级重点工业技术改造项目计划的通知,工信委,2018-05-16 15:16, 013353737/2018-02834116,通知,文秘工作,2834116.txt
关于组织推荐第三批制造业单项冠军企业和单项冠军产品的通知,工信委,2018-05-08 16:38, 013353737/2018-02825435,通知,文秘工作,2825435.txt
关于开展第二批国家工业遗产申报工作的通知,工信委,2018-05-08 16:31, 013353737/2018-02825395,通知,文秘工作,2825395.txt
关于组织推荐2018年两化融合管理体系贯标试点企业的通知,工信委,2018-05-07 18:23, 013353737/2018-02824491,通知,文秘工作,2824491.txt
关于做好企业两化融合评估诊断和对标引导工作的通知,工信委,2018-05-07 18:14, 013353737/2018-02824483,通知,文秘工作,2824483.txt
关于组织申报省级制造业创新中心（第二批）创建工作的通知,工信委,2018-05-02 10:20, 013353737/2018-02815272,通知,文秘工作,2815272.txt
关于组织开展市级企业技术中心评价工作的通知,工信委,2018-04-29 15:33, 013353737/2018-02814887,通知,文秘工作,2814887.txt
关于组织申报2018年陕西省重点新产品开发项目的通知,工信委,2018-04-29 10:40, 013353737/2018-02814810,通知,文秘工作,2814810.txt
关于组织开展市级技术创新示范企业复核评价工作的通知,工信委,2018-04-29 10:28, 013353737/2018-02814804,通知,文秘工作,2814804.txt
关于做好2018年中小微型企业信用担保机构担保补贴申报工作的通知,工信委,2018-04-26 16:00, 013353737/2018-02811181,通知,文秘工作,2811181.txt
关于申报2018年度西安市区县工业园区（基地）标准化厂房出租补贴的通知,工信委,2018-04-25 14:25, 013353737/2018-02809185,通知,文秘工作,2809185.txt
测一测，2018政府工作报告知多少,工信委,2018-04-24 18:08, 013353737/2018-02808456,文化活动,文化,2808456.txt
西安市中小企业促进局转发陕西省中小企业促进局关于做好2018年民营经济转型升级示范企业申报工作的通知,工信委,2018-04-19 16:42, 013353737/2018-02803863,通知,文秘工作,2803863.txt
西安市中小企业促进局关于做好小微企业应收账款融资需求调查的通知,工信委,2018-04-19 15:47, 013353737/2018-02803702,通知,文秘工作,2803702.txt
西安市中小企业服务中心关于举办2017年度企业所得税汇算清缴新政策解析及操作技巧培训的通知,工信委,2018-04-12 19:10, 013353737/2018-02797902,通知,文秘工作,2797902.txt
西安市工业和信息化委员会转发《省工信厅关于组织申报2018年省级工业产品质量控制和技术评价实验室的通知》,工信委,2018-04-09 18:22, 013353737/2018-02793434,通知,文秘工作,2793434.txt
西安市工业和信息化委员会转发《省工信厅关于组织开展2018年陕西省质量标杆活动的通知》,工信委,2018-04-09 18:18, 013353737/2018-02793431,通知,文秘工作,2793431.txt
西安市工业和信息化委员会转发《省工信厅关于组织开展2018年陕西省工业企业品牌培育试点示范工作的通知》,工信委,2018-04-09 16:31, 013353737/2018-02793428,通知,文秘工作,2793428.txt
西安市工业和信息化委员会转发关于开展全省工业遗产及工业博物馆摸底调查的通知,工信委,2018-04-09 16:05, 013353737/2018-02793102,通知,文秘工作,2793102.txt
西安市中小企业服务中心关于举办2018年第一期“项目经理人”培训的通知,工信委,2018-04-09 15:22, 013353737/2018-02793044,通知,文秘工作,2793044.txt
关于推荐国家陕西省和申报西安市小型微型企业创业创新基地的通知,工信委,2018-04-05 11:57, 013353737/2018-02791235,通知,文秘工作,2791235.txt
西安市中小企业促进局转发陕西省中小企业促进局关于申报2018年陕西省中小企业创新研发中心的通知,工信委,2018-04-05 11:49, 013353737/2018-02791232,通知,文秘工作,2791232.txt
关于省级以上企业技术中心评估考核工作的通知,工信委,2018-04-03 19:01, 013353737/2018-02789792,通知,文秘工作,2789792.txt
关于2018年（第14批）省级企业技术申报及评估培训工作的通知,工信委,2018-04-03 18:01, 013353737/2018-02789770,通知,文秘工作,2789770.txt
关于组织申报2018年（第14批）省级企业技术中心的通知,工信委,2018-04-03 17:53, 013353737/2018-02789760,通知,文秘工作,2789760.txt
关于组织申报2018年西安市技术创新示范企业(第6批)的通知,工信委,2018-04-03 11:24, 013353737/2018-02788872,通知,文秘工作,2788872.txt
关于第8届中国西部国际物流产业博览会总体方案的通知,工信委,2018-03-14 16:57, 013353737/2018-02769502,通知,文秘工作,2769502.txt
关于组织申报2018年西安市企业技术中心（第13批）的通知,工信委,2018-03-14 16:52, 013353737/2018-02769494,通知,文秘工作,2769494.txt
关于公布2017年西安市第十二批企业技术中心认定名单和复审结果的通知,工信委,2018-02-22 14:46, 013353737/2018-02749315,通知,通知,2749315.txt
关于转发《陕西省中小企业促进局关于公布2017年度陕西省中小企业公共服务示范平台名单的通知》的通知,工信委,2018-01-29 12:57, 013353737/2018-02730988,通知,文秘工作,2730988.txt
关于参加第53届全国工艺品交易会的通知,工信委,2018-01-25 09:11, 013353737/2018-02727868,通知,文秘工作,2727868.txt
关于征集拟上市后备企业的通知,工信委,2018-01-19 14:10, 013353737/2018-02723646,通知,文秘工作,2723646.txt
关于参加第十届中国西安国际食品博览会的通知,工信委,2018-01-17 19:37, 013353737/2018-02722243,通知,文秘工作,2722243.txt
关于印发《西安市工业和信息化行业危险化学品安全综合治理实施方案》的通知,工信委,2018-01-16 16:48, 013353737/2018-02720899,通知,文秘工作,2720899.txt
关于报送消费品工业重点企业2012-2017年有关数据的通知,工信委,2018-01-16 16:45, 013353737/2018-02720885,通知,文秘工作,2720885.txt
关于报送西安市2017年度企业技术中心年报的通知,工信委,2018-01-15 19:02, 013353737/2018-02720041,通知,文秘工作,2720041.txt
关于公布2017年西安市技术创新示范企业评价结果的通知,工信委,2018-01-15 18:55, 013353737/2018-02720038,通知,文秘工作,2720038.txt
关于公布西安市第五批技术创新示范企业名单通知,工信委,2018-01-09 19:08, 013353737/2018-02714822,通知,文秘工作,2714822.txt
关于征集2018年工业投资项目的通知,工信委,2018-01-08 21:55, 013353737/2018-02714060,通知,文秘工作,2714060.txt
关于转发陕西省工信厅、民政厅、卫计委组织申报《智慧健康养老产品及服务推广目录》的通知,工信委,2018-01-04 17:21, 013353737/2018-02711215,通知,文秘工作,2711215.txt
关于对我市新能源产业调研的通知,工信委,2018-01-02 13:05, 013353737/2018-02708021,通知,文秘工作,2708021.txt
关于转发陕西省工信厅、财政厅征集2018年大数据和两化融合项目的通知,工信委,2017-12-26 15:58, 013353737/2018-02703178,通知,文秘工作,2703178.txt
关于组织报送工业互联网平台典型案例及相关材料的通知,工信委,2017-12-19 15:46, 013353737/2017-02694980,通知,文秘工作,2694980.txt
关于印发2018年工业发展专项资金（兑现2017年促投资稳增长奖励资金）申报指南的通知,工信委,2017-12-14 17:23, 013353737/2017-02689558,资金,财政,2689558.txt
关于组织开展评选表彰“西安十佳军民融合企业家”的通知,工信委,2017-12-12 16:17, 013353737/2017-02685450,通知,文秘工作,2685450.txt
关于做好2018年省级中小企业发展专项资金县域工业集中区和小微企业创业创新基地项目申报工作的通知,工信委,2017-12-08 19:23, 013353737/2017-02682327,通知,文秘工作,2682327.txt
​关于召开2017中国•西安工业互联网发展论坛暨“西安工业云平台”发布会的通知,工信委,2017-12-06 13:46, 013353737/2017-02677483,会议,文秘工作,2677483.txt
关于选聘承担专项产业发展规划编制单位的公告,工信委,2017-12-01 16:00, 013353737/2017-02671551,公告,文秘工作,2671551.txt
​关于做好2018年省级中小企业发展专项资金市场主体和服务体系项目申报工作的通知,工信委,2017-11-30 09:30, 013353737/2018-02668997,通知,文秘工作,2668997.txt
关于开展计量标杆示范活动的通知,工信委,2017-11-28 15:19, 013353737/2017-02665988,通知,文秘工作,2665988.txt
关于开展第七届中国工艺美术大师陕西参评人选推荐工作的通知,工信委,2017-11-24 11:01, 013353737/2017-02646386,通知,文秘工作,2646386.txt
关于对部分省级成长梯队企业发展情况进行调研的通知,工信委,2017-11-22 16:58, 013353737/2018-02643835,通知,文秘工作,2643835.txt
关于做好小微企业金融知识普及教育活动工作的通知,工信委,2017-11-22 16:57, 013353737/2017-02643812,通知,文秘工作,2643812.txt
关于组织参加首届中国工业设计展览会的通知,工信委,2017-11-21 09:44, 013353737/2017-02641044,博览会,对外经贸合作,2641044.txt
关于填报全市工业和信息化系统通信录信息的通知,工信委,2017-11-15 11:19, 013353737/2017-02634369,通知,文秘工作,2634369.txt
关于举办“军民融合政策”讲座的通知,工信委,2017-11-06 14:40, 013353737/2017-02621430,通知,文秘工作,2621430.txt
关于我市不符合产业政策“10+3”企业取缔情况的公告,工信委,2017-10-31 17:26, 013353737/2017-02616014,公告,文秘工作,2616014.txt
关于组织申报全国消费品工业“三品”战略示范试点城市的通知,工信委,2017-10-31 15:40, 013353737/2017-02615671,通知,文秘工作,2615671.txt
关于举办第五期“项目经理人”培训的通知,工信委,2017-10-31 15:12, 013353737/2017-02615614,培训,教育,2615614.txt
关于变更门户网站域名的公告,工信委,2017-10-27 15:39, 013353737/2017-02612416,通告,文秘工作,2612416.txt
关于组织推荐2017年全国工业领域电力需求侧管理示范企业（园区）的通知,工信委,2017-10-26 10:54, 013353737/2017-02610192,通知,文秘工作,2610192.txt
​关于做好2017年中小微型企业信用担保机构担保补贴申报工作的通知,工信委,2017-10-25 11:10, 013353737/2017-02608911,通知,文秘工作,2608911.txt
关于做好重点新材料首批次应用保险补偿机制试点工作的通知,工信委,2017-10-20 21:19, 013353737/2017-02605084,通知,文秘工作,2605084.txt
关于推动2017年下半年工业促投资稳增长的实施意见,工信委,2017-10-18 15:10, 013353737/2017-02601587,投资,重大项目建设,2601587.txt
关于举办“精益生产管理人”培训的通知,工信委,2017-10-11 19:36, 013353737/2017-02595905,培训,教育,2595905.txt
关于组织参加桂林市名特优产品推介会的通知,工信委,2017-09-29 19:42, 013353737/2017-02589225,通知,文秘工作,2589225.txt
关于参加“陕西省首届高校科技成果和第三届研究生创新成果对接洽谈会”的通知,工信委,2017-09-28 16:42, 013353737/2017-02587133,洽谈会,对外经贸合作,2587133.txt
关于推荐省级中小企业公共服务示范平台的通知,工信委,2017-09-26 21:25, 013353737/2017-02583677,通知,文秘工作,2583677.txt
关于开展西安新材料产业基本情况调查的通知,工信委,2017-09-22 22:51, 013353737/2017-02579503,调查,机关事务,2579503.txt
关于开展大数据产业情况摸底调查的通知,工信委,2017-09-13 16:05, 013353737/2017-02561939,调查,机关事务,2561939.txt
​关于对省市工业发展专项资金补助项目集中验收竞争性谈判的通知,工信委,2017-09-13 15:59, 013353737/2017-02561914,通知,文秘工作,2561914.txt
关于征集新材料产业投资基金项目库入库项目的通知,工信委,2017-09-13 15:59, 013353737/2018-02561905,通知,文秘工作,2561905.txt
关于做好北斗产业国际化发展论坛嘉宾邀请工作的通知,工信委,2017-09-11 15:56, 013353737/2017-02561892,通知,文秘工作,2561892.txt
​关于做好2017年省级中小企业新三板挂牌补助资金申报工作的通知,工信委,2017-09-11 15:26, 013353737/2017-02558864,资金,财政,2558864.txt
​关于组织参加全省食品工业企业诚信体系国家标准宣贯培训班的通知,工信委,2017-09-07 10:54, 013353737/2017-02555790,培训,教育,2555790.txt
关于开展国家工业遗产认定试点申报工作的通知,工信委,2017-09-05 17:57, 013353737/2017-02549537,通知,文秘工作,2549537.txt
​关于举办第四期“项目经理人”培训的通知,工信委,2017-09-05 17:50, 013353737/2017-02549514,培训,教育,2549514.txt
西安市中小企业发展基金管理机构征集遴选公告,工信委,2017-08-23 17:06, 013353737/2017-02534712,公告,文秘工作,2534712.txt
关于开展省级示范县域工业集中区（园区）申报工作的通知,工信委,2017-08-17 22:14, 013353737/2017-02529495,通知,文秘工作,2529495.txt
关于组团参加第十四届中国国际中小企业博览会的通知,工信委,2017-08-17 22:12, 013353737/2017-02529490,博览会,对外经贸合作,2529490.txt
关于召开西安市中小企业信息化建设推进会的通知,工信委,2017-08-15 19:31, 013353737/2017-02527405,通知,文秘工作,2527405.txt
关于征集全市中小企业融资需求情况的通知,工信委,2017-08-14 17:57, 013353737/2017-02526150,通知,文秘工作,2526150.txt
关于举办“2017年社保基数年审年检”培训会的通知,工信委,2017-07-20 19:05, 013353737/2017-02502519,通知,文秘工作,2502519.txt
关于推荐2017年度国家中小企业公共服务示范平台的通知,工信委,2017-07-19 12:32, 013353737/2017-02500807,通知,文秘工作,2500807.txt
关于开展协作配套中小企业和家庭工业集群发展情况调查的通知,工信委,2017-07-17 22:14, 013353737/2017-02499201,调查,机关事务,2499201.txt
关于填报2017年企业技术中心上半年快报简表的通知,工信委,2017-07-17 22:00, 013353737/2017-02499187,通知,文秘工作,2499187.txt
关于邀请中介机构参与2017年企业技术中心申报企业复核审计的通知,工信委,2017-07-17 21:58, 013353737/2017-02499184,审计,审计,2499184.txt
关于对我省民营企业在“一带一路”沿线国家地区开展投资合作情况摸底的通知,工信委,2017-07-13 16:32, 013353737/2017-02496597,通知,文秘工作,2496597.txt
关于征集2017年消费品工业“三品”工程专项资金项目的通知,工信委,2017-07-04 11:12, 013353737/2017-02487599,资金,财政,2487599.txt
关于完善企业代表组织设立健全区县开发区企业联合会（协会）的通知,工信委,2017-07-03 11:06, 013353737/2017-02487580,通知,文秘工作,2487580.txt
关于做好《产业转移指导目录（2012年本）》修订工作的通知,工信委,2017-06-28 14:14, 013353737/2017-02482231,通知,文秘工作,2482231.txt
关于组织参加陕西名特产品（杭州）展销会暨陕西-浙江企业协作与发展对接洽谈会有关事项的通知,工信委,2017-06-26 21:47, 013353737/2017-02461560,洽谈会,对外经贸合作,2461560.txt
关于组织开展2017年陕西省工业企业品牌培育试点示范工作的通知,工信委,2017-06-23 17:04, 013353737/2017-02459642,通知,文秘工作,2459642.txt
关于积极参加2017年“创客中国”创新创业大赛的通知,工信委,2017-06-22 13:32, 013353737/2017-02457659,通知,文秘工作,2457659.txt
关于邀请中介机构参与西安市军民融合创新改革扶持奖励项目复核审计的通知,工信委,2017-06-19 16:35, 013353737/2017-02453669,审计,审计,2453669.txt
关于开展企业两化融合评估诊断和对标引导工作的通知,工信委,2017-06-19 16:30, 013353737/2017-02453646,通知,文秘工作,2453646.txt
关于对生产经营困难企业进行调研的通知,工信委,2017-06-16 16:30, 013353737/2017-02452182,通知,文秘工作,2452182.txt
关于申报2017年省级中小企业发展专项资金服务业务奖补项目的通知,工信委,2017-06-09 17:29, 013353737/2017-02445105,通知,文秘工作,2445105.txt
​关于组织推荐第二批制造业单项冠军企业和单项冠军产品的通知,工信委,2017-06-06 10:33, 013353737/2017-02440062,通知,文秘工作,2440062.txt
关于认定第四批“西安市中小企业公共服务示范平台”的通知,工信委,2017-06-02 21:29, 013353737/2017-02438404,通知,文秘工作,2438404.txt
关于公布2016年第十一批西安市企业技术中心认定名单和2016年企业技术中心复审结果及撤销部分市级企业技术中心资格名单的通知,工信委,2017-06-02 21:24, 013353737/2017-02438400,通知,文秘工作,2438400.txt
关于做好中小企业品牌建设调研及品牌培育推荐工作的通知,工信委,2017-05-31 17:46, 013353737/2017-02435223,通知,文秘工作,2435223.txt
关于编制2017年度工业企业技术改造升级导向计划的通知,工信委,2017-05-31 17:43, 013353737/2017-02435219,通知,文秘工作,2435219.txt
关于做好2017年中小企业经营管理领军人才选拔推荐工作的紧急通知,工信委,2017-05-24 22:14, 013353737/2017-02429426,通知,文秘工作,2429426.txt
关于下达2017年度市级重点工业技术改造项目计划的通知,工信委,2017-05-23 15:21, 013353737/2017-02425025,通知,文秘工作,2425025.txt
关于组织申报2017年陕西省技术创新示范企业的通知,工信委,2017-05-19 21:05, 013353737/2017-02419247,通知,文秘工作,2419247.txt
关于组织申报第三批省级工业产品质量控制和技术评价实验室的通知,工信委,2017-05-19 17:37, 013353737/2017-02419120,通知,文秘工作,2419120.txt
关于组织开展2017年陕西省质量标杆活动的通知,工信委,2017-05-19 17:24, 013353737/2017-02419034,通知,文秘工作,2419034.txt
​关于组织开展对认定市级企业技术中心评价工作的通知,工信委,2017-05-19 17:18, 013353737/2017-02418966,通知,文秘工作,2418966.txt
​关于组织对2014年认定的市级技术创新示范企业复核评价工作的通知,工信委,2017-05-19 17:13, 013353737/2017-02418933,通知,文秘工作,2418933.txt
关于做好2017年西安市技术创新项目申报工作的通知,工信委,2017-05-19 17:08, 013353737/2017-02418869,通知,文秘工作,2418869.txt
关于组织申报2017年陕西省重点新产品开发项目的通知,工信委,2017-05-18 17:48, 013353737/2017-02417592,通知,文秘工作,2417592.txt
关于参加省中小企业科技成果产业化活动的通知,工信委,2017-05-18 11:17, 013353737/2017-02416902,通知,文秘工作,2416902.txt
关于申请列入工信部首台（套）重大技术装备推广应用指导目录的通知,工信委,2017-05-15 17:38, 013353737/2017-02413005,通知,文秘工作,2413005.txt
关于组织企业参加国家级工业设计中心认定工作的通知,工信委,2017-05-15 17:23, 013353737/2017-02412984,通知,文秘工作,2412984.txt
关于组织开展产业互联网集成服务解决方案征集活动的通知,工信委,2017-05-15 17:20, 013353737/2017-02412940,通知,文秘工作,2412940.txt
关于征集2017年度首台（套）重大技术装备产品项目的通知,工信委,2017-05-12 13:42, 013353737/2017-02410757,通知,文秘工作,2410757.txt
关于申报2017年国家智能制造综合标准化与新模式应用及省级智能制造试点示范项目的通知,工信委,2017-05-12 13:37, 013353737/2017-02410742,通知,文秘工作,2410742.txt
关于鼓励和引导企业开展挥发性有机物技术改造工作的通知,工信委,2017-05-12 13:20, 013353737/2017-02437444,通知,文秘工作,2437444.txt
关于推荐第三批省级中小企业成长梯队企业的通知,工信委,2017-05-02 14:43, 013353737/2017-02401054,通知,文秘工作,2401054.txt
​关于开展2017年陕西省博士后创新基地申报推荐工作的通知,工信委,2017-05-02 14:41, 013353737/2017-02401051,通知,文秘工作,2401051.txt
​关于开展2017年百千万人才工程国家级人选选拔推荐工作的通知,工信委,2017-05-02 14:38, 013353737/2017-02401047,通知,文秘工作,2401047.txt
转发工信部办公厅关于推荐2017年两化融合管理体系贯标试点企业的通知,工信委,2017-04-28 14:16, 013353737/2017-02398875,通知,文秘工作,2398875.txt
关于举办第三期“项目经理人”培训的通知,工信委,2017-04-28 14:03, 013353737/2017-02398859,培训,教育,2398859.txt
关于参加2017年（第13批）省级企业技术申报培训的通知,工信委,2017-04-28 10:42, 013353737/2017-02398697,通知,文秘工作,2398697.txt
转发省工信厅关于做好2017年工业质量品牌建设工作的通知,工信委,2017-04-27 17:48, 013353737/2017-02398291,通知,文秘工作,2398291.txt
转发省工信厅关于印发《陕西省2017年工业品牌建设宣传活动实施方案》的通知,工信委,2017-04-27 17:40, 013353737/2017-02398281,通知,文秘工作,2398281.txt
关于报送工业品牌建设情况的通知,工信委,2017-04-27 17:40, 013353737/2017-02398274,通知,文秘工作,2398274.txt
关于军民融合相关政策申报的有关说明,工信委,2017-04-26 22:35, 013353737/2017-02397322,通知,文秘工作,2397322.txt
关于组织申报2017年（第13批）省级企业技术中心的通知,工信委,2017-04-26 10:44, 013353737/2017-02389278,通知,文秘工作,2389278.txt
关于申报省级制造业创新中心建设（第一批）试点的通知,工信委,2017-04-25 16:40, 013353737/2017-02388289,通知,文秘工作,2388289.txt
关于完善西安市工业发展专项资金扶持项目管理和验收工作有关事项的通知,工信委,2017-04-25 12:16, 013353737/2017-02387708,通知,文秘工作,2387708.txt
​关于申报军民融合创新改革支持政策的通知,工信委,2017-04-21 18:36, 013353737/2017-02385487,通知,文秘工作,2385487.txt
​关于申报2016年度西安市军工仪器设备共享补助奖励的通知,工信委,2017-04-21 18:21, 013353737/2017-02385482,通知,文秘工作,2385482.txt
​关于印发《西安市军工资源共享管理暂行办法》的通知,工信委,2017-04-21 18:19, 013353737/2017-02385479,通知,文秘工作,2385479.txt
关于做好2017丝博会暨第21届西洽会有关工作的通知,工信委,2017-04-19 13:05, 013353737/2017-02375512,博览会,对外经贸合作,2375512.txt
​关于邀请中介机构参与2017年市支持区县工业园区发展专项资金申报项目复核审计的通知,工信委,2017-04-18 21:16, 013353737/2017-02374869,审计,财政,2374869.txt
关于做好2016年军工单位民品研发生产企业发展奖励和民口企业申请军品资格认证奖励申请审核工作的通知,工信委,2017-04-14 17:54, 013353737/2017-02370910,通知,文秘工作,2370910.txt
关于举办梯队企业管理创新咨询服务现场对接会的通知,工信委,2017-04-14 16:28, 013353737/2017-02370542,通知,文秘工作,2370542.txt
关于参加第十七届中国哈尔滨国际装备制造业博览会的通知,工信委,2017-04-07 13:35, 013353737/2017-02363792,博览会,对外经贸合作,2363792.txt
市质监局市工信委关于申报主导制定军民融合技术标准奖励的通知,工信委,2017-04-07 13:32, 013353737/2018-02363783,通知,文秘工作,2363783.txt
西安市军民融合产业标准化项目扶持管理办法,工信委,2017-04-07 13:24, 013353737/2018-02363773,标准,标准,2363773.txt
关于参加中小企业金融服务战略合作协议签订仪式的通知,工信委,2017-04-05 17:37, 013353737/2017-02361547,通知,文秘工作,2361547.txt
关于报送规模以上企业包抓名单的通知,工信委,2017-04-05 14:36, 013353737/2017-02361119,通知,文秘工作,2361119.txt
关于参加全市文化创意产业统计工作培训班的通知,工信委,2017-04-05 14:32, 013353737/2017-02361097,培训,教育,2361097.txt
关于做好2017年民营经济转型升级示范企业申报工作的通知,工信委,2017-03-31 13:35, 013353737/2017-02357523,通知,文秘工作,2357523.txt
关于组织申报2017年第十二批企业技术中心的通知,工信委,2017-03-29 16:14, 013353737/2017-02354881,通知,文秘工作,2354881.txt
​关于申报2017年第五批西安市技术创新示范企业的通知,工信委,2017-03-29 15:19, 013353737/2017-02354656,通知,文秘工作,2354656.txt
关于关于征集2017年大数据和两化融合项目的通知,工信委,2017-03-29 13:59, 013353737/2017-02354430,通知,文秘工作,2354430.txt
关于举办第二期2016年度企业所得税汇算清缴新政策解析及操作技巧培训的通知,工信委,2017-03-29 12:53, 013353737/2017-02354346,培训,教育,2354346.txt
关于调整标准化厂房出租补助申报有关内容的通知,工信委,2017-03-24 22:41, 013353737/2017-02350371,通知,文秘工作,2350371.txt
关于邀请中介机构参与2017年市工业发展专项资金申报项目复核审计的通知,工信委,2017-03-22 15:33, 013353737/2017-02347301,审计,财政,2347301.txt
关于组织申报重点建设县域工业集中区的通知,工信委,2017-03-22 15:28, 013353737/2017-02347293,通知,文秘工作,2347293.txt
2016年度企业所得税汇算清缴新政策解析及操作技巧培训的通知,工信委,2017-03-22 15:13, 013353737/2017-02347239,培训,教育,2347239.txt
​关于征集第四批西安市中小企业公共服务示范平台的通知,工信委,2017-03-20 18:00, 013353737/2017-02344985,通知,文秘工作,2344985.txt
关于申报2016年工业稳增长企业流动资金贷款贴息的通知,工信委,2017-03-17 22:35, 013353737/2017-02343435,贷款,银行,2343435.txt
关于做好2016年新增规模以上企业奖励工作的通知,工信委,2017-03-17 22:33, 013353737/2017-02343432,通知,文秘工作,2343432.txt
市工信委党组关于巡视整改情况的通报,工信委,2017-03-11 13:19, 013353737/2017-02336872,通报,文秘工作,2336872.txt
关于做好2017年度省级中小企业发展基金项目征集工作的通知,工信委,2017-03-10 22:04, 013353737/2017-02336215,基金,财政,2336215.txt
关于组织开展2017年制造业与互联网融合发展试点示范工作的通知,工信委,2017-03-08 22:47, 013353737/2017-02333459,通知,文秘工作,2333459.txt
关于推荐国家和陕西省小型微型企业创业创新基地的通知及征集第四批市级小型微型企业创业基地的通知,工信委,2017-03-01 18:51, 013353737/2017-02326894,通知,文秘工作,2326894.txt
关于做好2016年工业企业扩大产销奖励工作的通知,工信委,2017-02-17 21:56, 013353737/2017-02336212,通知,文秘工作,2336212.txt
关于开展服务型制造示范遴选申报工作的通知,工信委,2017-02-15 16:11, 013353737/2017-02311245,通知,文秘工作,2311245.txt
关于公布第四批西安市创新示范企业名单和对2016年到期的西安市创新示范企业复审结果的通报,工信委,2017-02-13 19:46, 013353737/2017-02308851,通报,文秘工作,2308851.txt
关于征求《西安市优质工业产品认定管理办法》意见的函,工信委,2017-02-13 19:35, 013353737/2017-02308846,通知,文秘工作,2308846.txt
关于征集2017年工业企业技术改造项目的通知,工信委,2017-01-22 22:12, 013353737/2017-02295139,通知,文秘工作,2295139.txt
​关于报送西安市2016年度企业技术中心年报的通知,工信委,2017-01-20 11:24, 013353737/2017-02293344,通知,文秘工作,2293344.txt
​关于参加2017中国（重庆）智能汽车技术与材料展览会的通知,工信委,2017-01-19 10:58, 013353737/2017-02292036,博览会,对外经贸合作,2292036.txt
关于做好中小企业划型认定工作的通知,工信委,2017-01-16 17:44, 013353737/2017-02288922,通知,文秘工作,2288922.txt
​关于纳入西安市2016年工业高成长性企业培育奖励名单的通知,工信委,2017-01-04 16:09, 013353737/2017-02278910,通知,文秘工作,2278910.txt
关于推荐陕西省高端装备制造重点项目的通知,工信委,2017-01-03 13:49, 013353737/2017-02277525,通知,文秘工作,2277525.txt
关于印发2017年度西安市支持区县工业园区发展专项资金项目申报指南的通知,工信委,2016-12-15 16:36, 013353737/2016-02259952,资金,财政,2259952.txt
关于对省市工业发展专项资金补助项目集中验收竞争性谈判的通知,工信委,2016-12-09 17:06, 013353737/2016-02251769,通知,文秘工作,2251769.txt
关于印发西安市2017年工业发展专项（转型升级）资金项目申报指南的通知,工信委,2016-11-29 17:40, 013353737/2016-02236925,资金,财政,2236925.txt
关于公布第一批市产学研合作创新示范基地评价结果的通知,工信委,2016-11-23 21:08, 013353737/2016-02227554,通知,文秘工作,2227554.txt
关于举办“丝绸之路经济带沿线国家(西安)投资贸易项目发布对接会”的通知,工信委,2016-11-18 20:52, 013353737/2016-02223914,通知,文秘工作,2223914.txt
关于举办中小企业财税管理与所得税避税和反避税讲座的通知,工信委,2016-11-10 14:49, 013353737/2016-02211916,通知,文秘工作,2211916.txt
关于全力做好四季度工业投资的通知,工信委,2016-11-01 10:26, 013353737/2016-02201129,投资,重大项目建设,2201129.txt
关于下达西安市工业发展专项资金2016年已验收项目剩余资金计划的通知,工信委,2016-10-25 17:17, 013353737/2016-02192800,资金,财政,2192800.txt
关于做好2017年度中小企业发展专项资金县域工业集中区和小微企业创业创新示范县（基地）项目申报工作的通知,工信委,2016-10-24 13:22, 013353737/2016-02190329,通知,文秘工作,2190329.txt
关于征集制造业与互联网融合发展示范项目的通知,工信委,2016-10-21 09:23, 013353737/2016-02188462,通知,文秘工作,2188462.txt
关于做好2017年省级中小企业发展专项资金市场主体和服务体系项目申报工作的通知,工信委,2016-10-18 11:16, 013353737/2016-02185468,通知,文秘工作,2185468.txt
关于举办劳动法规知识讲座的通知,工信委,2016-10-10 17:37, 013353737/2016-02179871,通知,文秘工作,2179871.txt
关于表彰奖励2015年度全市优秀中小企业的通报,工信委,2016-10-09 16:31, 013353737/2016-02178011,通报,文秘工作,2178011.txt
关于征求《西安市关于加快两创产品推广应用的若干意见（征求意见稿）》意见的函,工信委,2016-10-08 10:45, 013353737/2016-02175112,通知,文秘工作,2175112.txt
关于组织开展2016年消费品工业促销奖励工作的通知,工信委,2016-09-26 10:46, 013353737/2016-02167952,通知,文秘工作,2167952.txt
关于申报2016年中小微型企业信用担保机构担保补贴的通知,工信委,2016-09-18 11:38, 013353737/2016-02158853,通知,文秘工作,2158853.txt
关于征集2016年全国优秀工业设计奖参选作品的通知,工信委,2016-09-15 09:06, 013353737/2016-02158540,通知,文秘工作,2158540.txt
关于征集2016年度装备制造业首台（套）重大装备产品项目的通知,工信委,2016-08-26 21:11, 013353737/2016-02144899,通知,文秘工作,2144899.txt
关于邀请各类中介服务机构加入西安市中小企业窗口服务平台的摸底调研通知,工信委,2016-08-18 16:50, 013353737/2016-02139700,通知,文秘工作,2139700.txt
关于做好2016年度省级中小企业发展基金项目征集工作的通知,工信委,2016-08-12 16:14, 013353737/2016-02138053,通知,文秘工作,2138053.txt
转发陕西省中小企业促进局关于推荐第二批省级中小企业成长梯队企业的通知,工信委,2016-08-03 17:31, 013353737/2016-02125265,通知,文秘工作,2125265.txt
关于组织申报2016年第十一批企业技术中心认定的通知,工信委,2016-07-29 11:14, 013353737/2016-02122056,通知,文秘工作,2122056.txt
关于印发《西安市企业技术中心认定管理办法》的通知,工信委,2016-07-28 21:19, 013353737/2017-02121568,通知,文秘工作,2121568.txt
关于推荐申报国家、陕西省小型微型企业创业创新基地的通知,工信委,2016-07-14 18:21, 013353737/2016-02107693,通知,文秘工作,2107693.txt
转发《陕西省小型微型企业创业创新基地建设管理办法》的通知,工信委,2016-07-14 17:11, 013353737/2016-02107512,通知,文秘工作,2107512.txt
关于对2015年新增规模以上工业企业奖励的通知,工信委,2016-07-06 15:56, 013353737/2016-02102396,通知,文秘工作,2102396.txt
关于填报2016年企业技术中心上半年快报简表的通知,工信委,2016-07-06 15:54, 013353737/2016-02102382,通知,文秘工作,2102382.txt
关于举办“新三板挂牌交流会”的通知,中小企业服务中心,2016-07-01 15:03, 013353737/2016-02098883,通知,文秘工作,2098883.txt
关于对2015年工业稳增长企业实施扩大产销奖励的通知,工信委,2016-06-27 16:56, 013353737/2016-02094920,通知,文秘工作,2094920.txt
关于组织参加第十九届中国农产品加工业投资贸易洽谈会的通知,工信委,2016-06-27 16:11, 013353737/2016-02094841,洽谈会,对外经贸合作,2094841.txt
关于参加2016西安韩国MICE交流展的通知,中小企业服务中心,2016-06-23 21:49, 013353737/2016-02093054,通知,文秘工作,2093054.txt
关于报送今年以来停产半停产中小工业企业情况的通知,工信委,2016-06-15 17:33, 013353737/2016-02084206,通知,文秘工作,2084206.txt
关于报送2016年拟培育新进规模以上工业企业名单的通知,工信委,2016-06-15 17:22, 013353737/2016-02084193,通知,文秘工作,2084193.txt
关于举办“丝绸之路”国际商务培训的通知,中小企业服务中心,2016-06-08 18:32, 013353737/2016-02080541,培训,教育,2080541.txt
关于对2013、2014年度市工业发展专项项目验收竞争性谈判的通知,工信委,2016-06-08 13:58, 013353737/2016-02079951,竞争性谈判,财政,2079951.txt
​关于申报2016年陕西省重点新产品开发项目的通知,工信委,2016-06-08 13:54, 013353737/2016-02079946,通知,文秘工作,2079946.txt
关于申请对首台（套）重大技术装备推广应用指导目录进行修订的通知,工信委,2016-06-03 15:51, 013353737/2016-02077343,通知,文秘工作,2077343.txt
关于继续开展信息技术入企服务活动的通知,工信委,2016-05-20 13:08, 013353737/2016-02057792,通知,文秘工作,2057792.txt
​关于申报2016年西安市新产品开发项目的通知,工信委,2016-05-18 15:27, 013353737/2016-02054706,通知,文秘工作,2054706.txt
关于认定第三批“西安市中小企业公共服务示范平台”的通知,工信委,2016-05-10 17:25, 013353737/2016-02049240,通知,文秘工作,2049240.txt
关于联合举办中小企业大讲堂电子商务专题全省巡讲活动的通知,中小企业服务中心,2016-05-10 11:47, 013353737/2016-02048813,通知,文秘工作,2048813.txt
关于参加2016第十一届东亚国际食品交易博览会的通知,工信委,2016-05-10 10:06, 013353737/2016-02048549,博览会,对外经贸合作,2048549.txt
转发省关于组团参加第九届APEC中小企业技术交流暨展览会的通知,工信委,2016-05-03 11:26, 013353737/2016-02042529,通知,文秘工作,2042529.txt
关于举办第二期“营改增”新政深度解析与操作实务培训讲座的通知,中小企业服务中心,2016-04-27 13:58, 013353737/2016-02038485,培训,教育,2038485.txt
​关于做好2016年西安市企业技术创新项目申报工作的通知,工信委,2016-04-21 13:59, 013353737/2016-02034007,技术,科技,2034007.txt
​关于申报2016年西安市技术创新示范企业的通知,工信委,2016-04-21 13:53, 013353737/2016-02034004,技术,科技,2034004.txt
​关于组织开展对认定市级企业技术中心评价工作的通知,工信委,2016-04-21 13:51, 013353737/2016-02034001,技术,科技,2034001.txt
​关于组织对2013年认定市级技术创新示范企业复核评价工作的通知,工信委,2016-04-21 13:47, 013353737/2016-02033998,技术,科技,2033998.txt
​关于对2013年第一批西安市产学研合作创新示范基地复核评价的通知,工信委,2016-04-21 13:42, 013353737/2016-02033995,通知,文秘工作,2033995.txt
关于申报2016年第四批西安市产学研合作创新示范基地的通知,工信委,2016-04-21 13:35, 013353737/2016-02033992,通知,文秘工作,2033992.txt
关于组织参加2016丝博会暨第20届西洽会有关活动的通知,工信委,2016-04-18 18:00, 013353737/2016-02031308,博览会,对外经贸合作,2031308.txt
关于邀请会计师事务所对2016年市工业地产品配套采购奖励资金申报项目进行审核的函,工信委,2016-04-18 17:54, 013353737/2016-02031293,资金,财政,2031293.txt
关于举办“工业企业可持续发展之道”讲座的通知,中小企业服务中心,2016-04-15 09:03, 013353737/2016-02029412,通知,文秘工作,2029412.txt
关于申报2016年陕西省中小企业创新研发中心的通知,工信委,2016-04-14 18:35, 013353737/2016-02029404,通知,文秘工作,2029404.txt
关于举办“营改增”新政深度解析与操作实务培训讲座的通知,中小企业服务中心,2016-04-12 15:52, 013353737/2016-02027097,培训,教育,2027097.txt
关于组织开展对2013年认定省级技术创新示范企业复核评工作的通知,工信委,2016-04-11 16:50, 013353737/2016-02026221,通知,文秘工作,2026221.txt
关于做好2016年西安市中小企业公共服务平台业务补助项目申报工作的通知,工信委,2016-04-08 14:17, 013353737/2016-02024777,通知,文秘工作,2024777.txt
​关于征集西安市第三批小型微型企业创业基地的通知,工信委,2016-04-07 11:15, 013353737/2016-02023938,通知,文秘工作,2023938.txt
关于对2016年工业高成长性企业培育奖励申报工作的通知,工信委,2016-04-06 11:42, 013353737/2016-02023345,工业,机械制造与重工业,2023345.txt
​转发关于组织申报第二批省级工业产品质量控制和技术评价实验室的通知,工信委,2016-04-01 21:37, 013353737/2016-02022643,技术,科技,2022643.txt
转发关于做好2016年陕西省工业质量品牌建设工作的通知,工信委,2016-04-01 21:30, 013353737/2016-02022640,质量,产品质量,2022640.txt
​转发关于组织开展2016年陕西省工业企业品牌培育试点示范工作的通知,工信委,2016-04-01 21:27, 013353737/2016-02022637,工业,机械制造与重工业,2022637.txt
转发关于开展陕西省质量标杆活动的通知,工信委,2016-04-01 21:18, 013353737/2016-02022634,质量,产品质量,2022634.txt
省级企业技术中心评估及申报培训工作将在汉中市举办,工信委,2016-03-30 15:17, 013353737/2016-02018879,培训,教育,2018879.txt
​关于市级2013-2015年度工业发展专项资金扶持项目审计调查和审计评价问卷调查的通知,工信委,2016-03-25 18:05, 013353737/2016-02016303,调查,机关事务,2016303.txt
关于报送联系方式的通知,工信委,2016-03-25 14:22, 013353737/2016-02015824,通知,文秘工作,2015824.txt
​关于组织省级以上企业技术中心评估考核工作的通知,工信委,2016-03-25 14:19, 013353737/2016-02015821,技术,科技,2015821.txt
关于申报2016年省级技术创新示范企业的通知,工信委,2016-03-25 14:18, 013353737/2016-02015818,技术,科技,2015818.txt
关于申报2016年省级认定企业技术中心的通知,工信委,2016-03-25 13:15, 013353737/2016-02015815,技术,科技,2015815.txt
​关于延期举办“工业企业可持续发展之道”研讨班的通知,中小企业服务中心,2016-03-24 13:52, 013353737/2016-02014624,培训,教育,2014624.txt
关于参加重庆高交会暨军博会的通知,工信委,2016-03-21 12:08, 013353737/2016-02010705,博览会,对外经贸合作,2010705.txt
​关于参加第八届中国西安国际食品博览会暨丝绸之路特色食品展的通知,工信委,2016-03-18 19:53, 013353737/2016-02010272,博览会,对外经贸合作,2010272.txt
​关于申报再生化学纤维（涤纶）企业准入工作的通知,工信委,2016-03-15 11:53, 013353737/2016-02005898,通知,文秘工作,2005898.txt
关于组织开展2016年度工信部两化融合管理体系贯标试点企业申报工作的通知,工信委,2016-03-11 17:00, 013353737/2016-02003763,通知,文秘工作,2003763.txt
关于邀请会计师事务所对2016年市工业发展专项资金申报项目进行复核审计的通知,工信委,2016-03-09 14:45, 013353737/2016-02002736,审计,审计,2002736.txt
关于对2015年技术开发项目进行确认的通知,工信委,2016-02-29 16:50, 013353737/2016-01989757,通知,文秘工作,1989757.txt
关于做好全市2016年工业投资项目摸底工作的通知,工信委,2016-02-25 12:15, 013353737/2016-01987379,通知,文秘工作,1987379.txt
关于开展第四批“西安市中小企业20强”评选活动的通知,工信委,2016-01-27 09:45, 013353737/2016-01927079,评选,机关事务,1927079.txt
关于报送西安市2015年企业技术中心年报的通知,工信委,2016-01-13 21:03, 013353737/2016-01920386,通知,文秘工作,1920386.txt
关于征集第三批西安市中小企业公共服务示范平台的通知,工信委,2016-01-13 09:32, 013353737/2016-01920002,通知,文秘工作,1920002.txt
关于做好2016年工业地产品配套采购奖励申报工作的通知,工信委,2016-01-08 16:37, 013353737/2016-01918427,通知,文秘工作,1918427.txt
印发西安市小型微型企业创业基地管理暂行办法的通知,工信委,2014-04-14 11:45, 013353737/2014-00978301,通知,文秘工作,0978301.txt
关于印发西安市技术创新示范企业认定工作实施方案（试行）的通知,工信委,2013-04-23 11:11, 013353737/2017-00633434,通知,文秘工作,0633434.txt
市工信委赵平副主任带队赴航天基地开展促投资稳增长工作,工信委,2018-09-30 15:55, 013353737/2018-02971697,稳增长,其他,2971697.txt
市工信委张兴华副主任带领市政府第三督导组对莲湖区“双节”期间安全生产工作进行督导,工信委,2018-09-28 18:33, 013353737/2018-02969682,安全,其他,2969682.txt
市工信委李初管主任赴西咸新区召开三季度工业追赶超越补短板暨重点企业稳增长专题会,工信委,2018-09-28 18:17, 013353737/2018-02969673,补短板,其他,2969673.txt
市工信委李初管主任赴莲湖区召开三季度工业追赶超越补短板暨重点企业稳增长座谈会,工信委,2018-09-28 18:03, 013353737/2018-02969679,补短板,其他,2969679.txt
市网信办、市文明办联合倡议“文明上网，做中国好网民”,安文明网,2018-09-26 09:50, 013353737/2018-02966443,文明上网,其他,2966443.txt
市工信委李初管主任赴周至县召开三季度工业追赶超越补短板暨重点企业稳增长座谈会,工信委,2018-09-25 18:11, 013353737/2018-02969655,补短板,其他,2969655.txt
市工信委召开包抓区县开发区和重点企业周点评研判会,工信委,2018-09-25 10:44, 013353737/2018-02969594,包抓,其他,2969594.txt
市工信委李初管主任赴经开区重点工业企业上门服务,工信委,2018-09-25 10:12, 013353737/2018-02965019,调研,机关事务,2965019.txt
市工信委组织企业参加工博会,工信委,2018-09-20 18:21, 013353737/2018-02962663,活动,其他,2962663.txt
陕西省“散乱污”企业综合整治督查组来西安市督导检查工作,工信委,2018-09-19 17:41, 013353737/2018-02961071,散乱污,其他,2961071.txt
市工信委召开三季度全市工业追赶超越补短板暨稳增长工作会议,工信委,2018-09-19 17:37, 013353737/2018-02961042,补短板,其他,2961042.txt
市工信委组织召开全市“散乱污”企业整治第四次联席会议,工信委,2018-09-15 17:38, 013353737/2018-02958736,散乱污,其他,2958736.txt
泸州市经信委一行来市工信委座谈交流,工信委,2018-09-15 17:31, 013353737/2018-02958711,座谈,其他,2958711.txt
西安市节能监察监测中心积极开展2018年国家重大工业专项节能监察,工信委,2018-09-15 16:14, 013353737/2018-02958509,节能,节能与资源综合利用,2958509.txt
市工信委副主任赵平赴帮扶村送书籍、送文化、促脱贫,工信委,2018-09-12 18:44, 013353737/2018-02958402,扶贫,扶贫,2958402.txt
市工信委组织召开干部作风问题排查整改工作推进会,工信委,2018-09-06 17:33, 013353737/2018-02949963,作风,其他,2949963.txt
市工信委节能处督导检查区县“散乱污”企业整治和落后产能淘汰进展情况,工信委,2018-09-06 15:00, 013353737/2018-02949585,散乱污,其他,2949585.txt
市工信委召开全体干部大会安排部署下阶段重点工作,工信委,2018-09-05 11:18, 013353737/2018-02948148,会议,文秘工作,2948148.txt
市工信委督导检查曲江新区“散乱污”企业整治工作,工信委,2018-09-05 09:43, 013353737/2018-02947861,散乱污,其他,2947861.txt
​西安工业云平台荣获2018年中国信息通信与大数据应用创新优秀成果金奖,工信委,2018-09-04 16:40, 013353737/2018-02947481,工业云平台,其他,2947481.txt
市工信委督导检查灞桥区“散乱污”企业整治工作,工信委,2018-08-29 17:38, 013353737/2018-02942569,散乱污,其他,2942569.txt
市工信委张兴华副主任督导莲湖区安全生产工作,工信委,2018-08-23 18:58, 013353737/2018-02937632,安全生产,安全生产监管,2937632.txt
西安市获得2018年中国城市治理智慧化优秀奖,工信委,2018-08-23 18:42, 013353737/2018-02937629,智慧,其他,2937629.txt
市工信委进一步加大全市“散乱污”企业整治宣传力度,工信委,2018-08-21 17:54, 013353737/2018-02935520,散乱污,其他,2935520.txt
市工信委原材料与消费品处赴鄠邑区对企业错峰生产情况进行督导检查,工信委,2018-08-16 17:29, 013353737/2018-02933048,错峰生产,其他,2933048.txt
市工信委召开二季度党风廉政建设工作点评推进会,工信委,2018-08-10 19:27, 013353737/2018-02926955,党风廉政,其他,2926955.txt
2018年西安及汾渭平原煤炭消费总量控制高峰论坛顺利召开,工信委,2018-08-07 19:34, 013353737/2018-02922793,煤炭消费总量、论坛,其他,2922793.txt
西安市工信委大数据局召开关于“创新发展与大数据产业体系”企业家座谈会,工信委,2018-08-01 12:42, 013353737/2018-02915146,企业家座谈会,其他,2915146.txt
魏增军副省长专程赴“西部跨采会”西安展团视察,工信委,2018-07-19 19:33, 013353737/2018-02903245,视察,机关事务,2903245.txt
宁波市经信委、科技局一行七人来我市学习调研,工信委,2018-07-19 19:30, 013353737/2018-02903241,调研,机关事务,2903241.txt
市工信委李初管主任赴国网西安供电公司开展对接服务促进稳增长,工信委,2018-07-09 15:17, 013353737/2018-02893235,稳增长,其他,2893235.txt
市工信委组织召开全市“散乱污”企业整治第二次联席会议暨市铁腕治霾工作专项督查第五督查组工作协调会,工信委,2018-07-06 19:42, 013353737/2018-02892638,散乱污,其他,2892638.txt
市工信委主任李初管到中车永电等9户重点工业企业调研“双过半”工作,工信委,2018-07-06 19:28, 013353737/2018-02892632,双过半,其他,2892632.txt
市纪委驻市工信委纪检组深入帮扶村督导精准帮扶工作,工信委,2018-07-05 19:04, 013353737/2018-02891121,扶贫,扶贫,2891121.txt
市工信委领导景六刚赴灞桥区调研“双过半”工作,工信委,2018-07-05 18:59, 013353737/2018-02891114,双过半,其他,2891114.txt
市工业（汽车产业）招商分局邀请捷克特斯拉亚太区总裁林裕唐一行到我市考察座谈,工信委,2018-07-05 18:42, 013353737/2018-02891096,座谈,其他,2891096.txt
西安市节能监察监测中心组织开展2018年度重大工业节能专项监察,工信委,2018-07-05 12:00, 013353737/2018-02890391,专项监察,其他,2890391.txt
吕健常务副市长调研市甲醇汽车办和市亲商助企办工作开展情况,工信委,2018-07-05 11:46, 013353737/2018-02890363,调研,机关事务,2890363.txt
市工信委主任李初管到中车永电公司走访调研,工信委,2018-07-05 11:42, 013353737/2018-02890351,双过半,其他,2890351.txt
市工信委张兴华副主任带领亲商助企办再赴西咸新区开展工业“双过半”服务调研活动,工信委,2018-07-03 18:35, 013353737/2018-02890342,双过半,其他,2890342.txt
市工信委主任李初管到鄠邑区、周至县调研工业“双过半”工作,工信委,2018-07-03 18:31, 013353737/2018-02890316,双过半,其他,2890316.txt
市工信委“七一”走访慰问机关离退休老党员,工信委,2018-07-02 18:25, 013353737/2018-02890299,慰问,优抚安置,2890299.txt
市工信委召开纪念建党97周年表彰大会暨党课讲座,工信委,2018-07-02 17:19, 013353737/2018-02888036,纪念活动,机关事务,2888036.txt
市纪委驻市工信委纪检组迅速传达学习省市纪委会议精神安排部署下半年工作,工信委,2018-07-02 15:36, 013353737/2018-02887869,会议,文秘工作,2887869.txt
西安市举办“中小微企业日”座谈会—提供中小企业全方位服务，推动民营经济高质量发展,工信委,2018-06-28 15:04, 013353737/2018-02885478,座谈会,其他,2885478.txt
2018年“社保基数年审年检工作”培训会圆满举行,工信委,2018-06-25 17:57, 013353737/2018-02880554,培训,教育,2880554.txt
“陕西省军民融合学会联合体成立大会暨院士专家论坛”成功举办,工信委,2018-06-25 17:49, 013353737/2018-02880518,军民融合,其他,2880518.txt
西安市节能监察监测中心走访看望离退休党员,工信委,2018-06-22 16:00, 013353737/2018-02878743,活动,其他,2878743.txt
西安市节能监察监测中心深入企业开展2018年节能宣传周活动,工信委,2018-06-15 18:34, 013353737/2018-02873514,节能宣传周,其他,2873514.txt
2018年节能宣传周——绿色制造 节能宣传进企业活动圆满结束,工信委,2018-06-14 19:34, 013353737/2018-02872198,节能,节能与资源综合利用,2872198.txt
​西安市“散乱污”企业整治工作领导小组召开2018年第一次“散乱污”企业整治工作推进会,工信委,2018-06-13 19:11, 013353737/2018-02870900,散乱污,其他,2870900.txt
​西安市节能监察监测中心党员干部进社区 节能低碳随我行！,工信委,2018-06-13 17:54, 013353737/2018-02870892,节能低碳,其他,2870892.txt
西安市信息中心开展主题党日活动,工信委,2018-06-11 18:18, 013353737/2018-02868483,党日活动,其他,2868483.txt
西安市举办第二期纪念改革开放40周年·弘扬企业家精神讲座,工信委,2018-06-06 16:25, 013353737/2018-02866609,改革开放,其他,2866609.txt
​西安市2018年军民融合企业融资对接会暨签约仪式顺利举行,工信委,2018-06-01 14:46, 013353737/2018-02857448,军民融合,其他,2857448.txt
西安市节能监察监测中心开展学习“梁家河精神”“延安精神”主题党日活动,工信委,2018-05-28 17:27, 013353737/2018-02849157,党日活动,其他,2849157.txt
“薪酬优化&团队建设”培训会圆满举行,工信委,2018-05-24 17:32, 013353737/2018-02844895,培训,教育,2844895.txt
市工信委召开《梁家河》专题学习交流会,工信委,2018-05-21 16:57, 013353737/2018-02838598,学习,其他,2838598.txt
西安市节能监察监测中心组织召开陕西省2018年国家重大工业节能专项监察工作培训会暨启动仪式,工信委,2018-05-21 16:21, 013353737/2018-02838365,培训,重点领域,2838365.txt
西安市中小企业服务中心成功举办第二期“项目经理人”培训,工信委,2018-05-15 14:36, 013353737/2018-02832671,活动,其他,2832671.txt
2018年第四期“送金融服务进园区“暨曲江“文化金融荟”活动圆满结束,工信委,2018-05-09 18:08, 013353737/2018-02827065,活动,其他,2827065.txt
驻市工信委纪检组召开驻在部门一季度党风廉政建设点评推进会,工信委,2018-05-04 22:23, 013353737/2018-02822886,会议,文秘工作,2822886.txt
西安市节能监察监测中心举办市级重点用能企业能源利用状况报告网上填报培训班,工信委,2018-05-04 21:01, 013353737/2018-02822868,培训,重点领域,2822868.txt
市政府第三安全督导组到莲湖区督导安全生产工作,工信委,2018-04-29 11:33, 013353737/2018-02814825,安全生产,安全生产监管,2814825.txt
西安市工信委深入帮扶村推进扶贫工作,工信委,2018-04-29 09:43, 013353737/2018-02814797,扶贫,扶贫,2814797.txt
西安市工信委“走进兵器基地”活动圆满举行,工信委,2018-04-27 19:08, 013353737/2018-02813153,活动,其他,2813153.txt
市工信委联合市统计局在鄠邑区召开工业投资培训对接会,工信委,2018-04-26 19:55, 013353737/2018-02811817,会议,文秘工作,2811817.txt
全省培育千亿级奶山羊产业工作会在渭南市富平县召开,工信委,2018-04-26 19:51, 013353737/2018-02811814,活动,其他,2811814.txt
市工信委参加卢力群同志碑林科技产业园民营文创企业调研活动,工信委,2018-04-17 12:06, 013353737/2018-02814831,调研,机关事务,2814831.txt
西安市召开集成电路暨智能终端产业推进座谈会,工信委,2018-04-10 11:25, 013353737/2018-02793927,会议,文秘工作,2793927.txt
我市召开民营经济发展改革政党协商座谈会,工信委,2018-04-06 11:42, 013353737/2018-02791245,会议,文秘工作,2791245.txt
弘扬“西迁精神” 争做工信铁军----西安市工信委组织党员干部参观交大西迁纪念馆,工信委,2018-04-05 12:50, 013353737/2018-02791239,文化活动,文化,2791239.txt
工信铁军勇夺“铁军团队再出发麦锐思杯”拔河比赛乙组冠军,工信委,2018-04-03 18:14, 013353737/2018-02789784,文化活动,文化,2789784.txt
市工信委机关党委召开党建工作推进会暨党务干部培训会,工信委,2018-04-03 11:40, 013353737/2018-02791229,培训,教育,2791229.txt
市工信委机关纪委开展“五查五看五争当锻造纪检铁军”专题教育活动,工信委,2018-03-28 16:41, 013353737/2018-02783556,活动,其他,2783556.txt
全市工业系统追赶超越擂台赛顺利召开,工信委,2018-03-28 16:36, 013353737/2018-02783535,会议,文秘工作,2783535.txt
市工信委副主任陈大为赴杭州参加第十一届全国中小企业协会联席会议,工信委,2018-03-23 15:58, 013353737/2018-02779635,会议,文秘工作,2779635.txt
市工信委召开标准化大数据座谈会,工信委,2018-03-23 10:19, 013353737/2018-02779003,会议,文秘工作,2779003.txt
“西安工业云平台”行业应用示范取得突破,工信委,2018-03-16 15:11, 013353737/2018-02774508,会议,文秘工作,2774508.txt
驻市工信委纪检组举办2018年首场廉政大讲堂报告会,工信委,2018-03-14 18:07, 013353737/2018-02769827,文化活动,文化,2769827.txt
市工信委赴贫困村义务植树并为丰泽园敬老院捐献衣物送温暖献爱心,工信委,2018-03-14 17:47, 013353737/2018-02769745,文化活动,文化,2769745.txt
市政府召开“建设国家中心城市”重点工业企业座谈会,工信委,2018-03-12 10:11, 013353737/2018-02766151,国家中心城市,其他,2766151.txt
市工信委孙琦峰主任赴西北工业大学、陕西华秦科技实业有限公司对接调研,工信委,2018-03-10 11:47, 013353737/2018-02765625,工作动态,文秘工作,2765625.txt
市工信委机关女同志喜庆三八国际劳动妇女节-赴西安中兴通讯终端科技有限公司学习参观,工信委,2018-03-10 11:33, 013353737/2018-02765622,文化活动,文化,2765622.txt
西安市中小企业服务中心成功举办2018年首期“送金融服务进园区”活动,工信委,2018-03-10 11:23, 013353737/2018-02765613,工作动态,文秘工作,2765613.txt
西安市中小企业服务中心与德国HOLTMANN公司进行关于中德先进工业技术交流会,工信委,2018-03-10 11:17, 013353737/2018-02765610,工作动态,文秘工作,2765610.txt
奋勇接力 追赶超越,工信委,2018-03-08 17:46, 013353737/2018-02764182,文化活动,文化,2764182.txt
西安市工信委组团考察淮安中德制造4.0服务平台,工信委,2018-03-07 20:10, 013353737/2018-02762227,工作动态,文秘工作,2762227.txt
胡润泽赴企业调研时强调努力为民营经济发展营造良好环境,工信委,2018-03-07 11:10, 013353737/2018-02770760,工作动态,文秘工作,2770760.txt
聚力帮扶暖人心  动情抒怀送锦旗,工信委,2018-03-05 17:34, 013353737/2018-02759585,工作动态,文秘工作,2759585.txt
市工信委召开大型工业企业“开门红”座谈会,工信委,2018-03-01 14:23, 013353737/2018-02770863,工作动态,文秘工作,2770863.txt
全市召开“追赶超越”抓发展“开门红”推进大会 真抓实干开展“三个年”活动 新时代追赶超越再出发,工信委,2018-02-23 15:02, 013353737/2018-02770937,工作动态,文秘工作,2770937.txt
开诚布公开展批评  正视问题精准整改——市工信委党组召开2017年度民主生活会,工信委,2018-02-15 11:23, 013353737/2018-02748531,会议,文秘工作,2748531.txt
明确目标 夯实责任奋力追赶超越——市工信委召开2017年度总结表彰暨2018年度目标责任、党风廉政建设责任签订大会,工信委,2018-02-15 11:02, 013353737/2018-02748527,会议,文秘工作,2748527.txt
西安市工信委开展2017年度市级重点用能企业节能目标责任评价考核,工信委,2018-02-12 18:16, 013353737/2018-02746317,考核,人事工作,2746317.txt
西安市节能监察监测中心举办全市节能执法人员行政执法能力建设培训班,工信委,2018-02-09 18:53, 013353737/2018-02743610,培训,教育,2743610.txt
市工信委贯彻落实冬防工作暨空气质量分析研判会会议精神,工信委,2018-02-07 18:43, 013353737/2018-02741407,会议,文秘工作,2741407.txt
西安市节能监察监测中心开展2018年“我们的节日”•春节（元宵节）党员干部进社区活动,工信委,2018-02-07 11:15, 013353737/2018-02740578,文化活动,文化,2740578.txt
市工信委李初管副主任组织相关单位协调解决重点骨干企业问题,工信委,2018-02-05 15:55, 013353737/2018-02771071,工作动态,文秘工作,2771071.txt
市工信委机关党员赴红旗社区开展送温暖送祝福活动,工信委,2018-02-02 20:15, 013353737/2018-02737840,文化活动,文化,2737840.txt
市工信委孙琦峰主任赴清华德人西安幸福制药有限公司解决问题,工信委,2018-02-01 15:51, 013353737/2018-02771066,工作动态,文秘工作,2771066.txt
中国诗书画研究会西北创作中心书画家到市工信委开展新春书画惠民活动,工信委,2018-01-31 20:50, 013353737/2018-02735282,文化活动,文化,2735282.txt
市工信委赵平副主任赴中航富士达等企业送新春贺信,工信委,2018-01-31 16:06, 013353737/2018-02771090,工作动态,文秘工作,2771090.txt
市工信委孙琦峰主任到顶益食品公司上门服务送祝福,工信委,2018-01-30 16:02, 013353737/2018-02771084,工作动态,文秘工作,2771084.txt
西安市举办健康医疗大数据建设高峰论坛,工信委,2018-01-26 11:40, 013353737/2018-02729415,工作动态,文秘工作,2729415.txt
西安市节能监察监测中心组织全体党员干部开展清雪活动,工信委,2018-01-25 15:33, 013353737/2018-02728525,工作动态,文秘工作,2728525.txt
市工信委“以雪为令”用铁军行动保障群众安全出行,工信委,2018-01-25 10:00, 013353737/2018-02728026,工作动态,文秘工作,2728026.txt
市工信委副主任韩博与西安交大管晓宏院士等我市高校专家就网络安全与大数据协同创新研究院开展论证座谈,工信委,2018-01-23 13:13, 013353737/2018-02726012,会议,文秘工作,2726012.txt
我市召开汽车产业大会动员部署打造千亿级汽车产业集群工作,工信委,2018-01-13 13:36, 013353737/2018-02718960,会议,文秘工作,2718960.txt
市工信委系统迅速行动  扫雪铲冰保通畅,工信委,2018-01-06 16:10, 013353737/2018-02712517,除雪保安全,其他,2712517.txt
西安发布：因为有你，这个雪天不再寒冷~除雪保畅，西安在行动！,工信委,2018-01-06 00:00, 013353737/2018-02712339,除雪保畅,其他,2712339.txt
省检查组验收我市2017年淘汰落后产能任务完成情况,工信委,2018-01-03 17:44, 013353737/2018-02710155,检查验收  落后产能,其他,2710155.txt
西安市大型工业企业“迎新年、话发展”座谈会召开,工信委,2018-01-02 11:45, 013353737/2018-02770671,工作动态,文秘工作,2770671.txt
市工信委陈大为副主任赴经开区宣讲工业10条,工信委,2017-12-28 16:56, 013353737/2017-02706119,会议,文秘工作,2706119.txt
2018年全国工业和信息化工作会议在京开幕,工信委,2017-12-25 15:24, 013353737/2017-02701735,会议,文秘工作,2701735.txt
市工业招商分局：三箭齐发靶向西安未来,工信委,2017-12-25 11:41, 013353737/2017-02701405,重大招商项目,其他,2701405.txt
市节能监察监测中心召开非工业重点用能单位能源利用状况报告填报培训会,工信委,2017-12-21 17:04, 013353737/2017-02698933,培训,教育,2698933.txt
驻市工信委纪检组 五项措施安排部署集中整治工作,工信委,2017-12-14 17:22, 013353737/2017-02689551,纪检,监察,2689551.txt
不忘初心  牢记使命 在扶贫路上践行追赶超越,工信委,2017-12-14 17:16, 013353737/2017-02689539,工作动态,文秘工作,2689539.txt
2017中国•西安工业互联网发展论坛暨“西安工业云平台”发布会圆满召开,工信委,2017-12-12 17:33, 013353737/2017-02685854,网络,信息产业（含电信）,2685854.txt
市工信委孙琦峰主任 赴超百亿企业调研服务,工信委,2017-12-07 10:59, 013353737/2018-02770471,工作动态,文秘工作,2770471.txt
强晓安副市长一行赴中国西电集团公司调研,工信委,2017-12-06 11:18, 013353737/2018-02770545,工作动态,文秘工作,2770545.txt
市节能监察监测中心巡查重点用煤企业年度原煤消减和指标完成情况,工信委,2017-12-01 15:57, 013353737/2017-02671538,工作动态,文秘工作,2671538.txt
市工信委在灞桥区召开工业促投资稳增长政策宣讲大会,工信委,2017-11-28 17:38, 013353737/2017-02666898,会议,文秘工作,2666898.txt
市节能监察监测中心开展“党员进社区学习宣传十九大精神”活动,工信委,2017-11-27 21:21, 013353737/2017-02664653,工作动态,文秘工作,2664653.txt
市工信委学习贯彻十九大精神大力推进委系统党风廉政建设,工信委,2017-11-23 14:18, 013353737/2017-02644984,会议,文秘工作,2644984.txt
长安区召开工业稳增长专题会,工信委,2017-11-22 14:17, 013353737/2017-02644978,会议,文秘工作,2644978.txt
市工信委举办党的十九大精神宣讲报告会,工信委,2017-11-18 21:23, 013353737/2017-02638961,会议,文秘工作,2638961.txt
市工信委赴临潼区开展工业促投资稳增长服务活动,工信委,2017-11-17 11:19, 013353737/2017-02638958,工作动态,文秘工作,2638958.txt
工信部重大工业节能监察专项督查组来陕督查工作,工信委,2017-11-08 18:19, 013353737/2017-02625122,督查,政务督察,2625122.txt
驻市工信委纪检组对“工业补短板”工作进行督导检查,工信委,2017-11-02 12:58, 013353737/2017-02617696,纪检,监察,2617696.txt
未央区政府召开工业市考指标工作推进会,工信委,2017-11-01 18:15, 013353737/2017-02625119,会议,文秘工作,2625119.txt
重阳喜庆十九大  携手共建小康村,工信委,2017-10-27 14:47, 013353737/2017-02615569,工作动态,文秘工作,2615569.txt
​市工信委组织召开《习近平的七年知青岁月》诵读暨学习交流会,工信委,2017-10-26 12:08, 013353737/2017-02610391,工作动态,文秘工作,2610391.txt
市工信委党组学习传达党的十九大精神,工信委,2017-10-23 10:26, 013353737/2017-02605791,工作动态,文秘工作,2605791.txt
市工交干校组织党员干部集中收看党的十九大开幕盛况,工信委,2017-10-18 20:42, 013353737/2017-02605081,工作动态,文秘工作,2605081.txt
“基地贷”为我市中小企业发展再添新动力,工信委,2017-09-29 19:43, 013353737/2017-02589228,工作动态,文秘工作,2589228.txt
2017北斗产业国际化发展论坛在西安成功举办,工信委,2017-09-27 19:36, 013353737/2017-02585958,会议,文秘工作,2585958.txt
长安区召开促投资稳增长工作推进会,工信委,2017-09-27 09:32, 013353737/2017-02585940,会议,文秘工作,2585940.txt
市工信委机关干部中秋为丰泽园养老院开展送温暖活动,工信委,2017-09-22 22:32, 013353737/2017-02579500,老龄问题,社会公益,2579500.txt
市工信委召开党风廉政建设工作推进会,工信委,2017-09-22 22:30, 013353737/2017-02579497,廉政建设,监察,2579497.txt
市工信委组织开展《之江新语》诵读比赛活动,工信委,2017-09-11 15:53, 013353737/2017-02561886,工作动态,文秘工作,2561886.txt
市工信委副巡视员畅旭同志赴青一村走访,工信委,2017-09-08 15:53, 013353737/2017-02561881,扶贫帮困,社会公益,2561881.txt
智慧西安时空信息云平台（一期）项目通过专家评审,工信委,2017-09-05 17:47, 013353737/2017-02553081,工作动态,文秘工作,2553081.txt
市工信委与中信银行合作签定150亿企业融资服务框架协议,工信委,2017-07-27 16:13, 013353737/2017-02508474,合作,对外经贸合作,2508474.txt
西安代表团精彩亮相2017中国（成都）国际现代工业技术博览会,工信委,2017-07-27 16:12, 013353737/2017-02508471,博览会,对外经贸合作,2508471.txt
《电石行业节能监察技术规范和实施指南》评审会在榆林召开,工信委,2017-07-26 15:10, 013353737/2017-02506950,工作动态,文秘工作,2506950.txt
市工信委孙琦峰主任在中兴智能终端公司调研,工信委,2017-07-20 21:37, 013353737/2017-02502534,调研,机关事务,2502534.txt
市工信委赴“杨震廉政教育基地”开展主题党日活动,工信委,2017-07-19 09:19, 013353737/2017-02500356,工作动态,文秘工作,2500356.txt
西安市、宝鸡市、榆林市甲醇汽车试点通过专家验收,工信委,2017-07-14 14:31, 013353737/2017-02498832,工作动态,文秘工作,2498832.txt
市工信委机关党委运用“四互”推进基层党建工作上水平,工信委,2017-07-13 16:31, 013353737/2017-02496593,工作动态,文秘工作,2496593.txt
全市“千人亲商助企”活动表彰暨工作推进会召开,工信委,2017-07-13 06:17, 013353737/2017-02495592,会议,文秘工作,2495592.txt
西安市民情大数据地图信息系统录入培训工作全面完成,工信委,2017-07-06 20:27, 013353737/2017-02490640,培训,教育,2490640.txt
市工信委主任孙琦峰深入调研高新区百亿企业,工信委,2017-06-29 17:00, 013353737/2017-02483601,调研,机关事务,2483601.txt
省工信厅蒋跃厅长到我市调研促投资稳增长工作,工信委,2017-06-28 18:02, 013353737/2017-02482849,调研,机关事务,2482849.txt
市工信委开展以“学、比、看、讲”为主题的专题扶贫活动,工信委,2017-06-27 21:19, 013353737/2017-02462852,扶贫,社会公益,2462852.txt
市中小企业服务中心举办”共享经济时代—企业老板必修的股权课”培训,工信委,2017-06-27 21:17, 013353737/2017-02462849,培训,教育,2462849.txt
市工信委召开机关促投资稳增长工作点评会暨主任办公（扩大）会议,工信委,2017-06-27 17:53, 013353737/2017-02462799,会议,文秘工作,2462799.txt
市信息中心党支部开展庆“七一”主题党日活动,工信委,2017-06-26 21:20, 013353737/2017-02461557,工作动态,文秘工作,2461557.txt
市委全面深化改革领导小组第四督察组到市工信委开展民间投资督察工作,工信委,2017-06-23 17:02, 013353737/2017-02459636,督查,政务督察,2459636.txt
我市举行大数据建设发展论坛,工信委,2017-06-23 16:23, 013353737/2017-02459533,会议,文秘工作,2459533.txt
长安区迅速落实全市工业促投资稳增长工作会议精神,工信委,2017-06-23 15:24, 013353737/2017-02459285,工作动态,文秘工作,2459285.txt
我市召开工业促投资稳增长工作会议,工信委,2017-06-20 17:29, 013353737/2017-02455541,会议,文秘工作,2455541.txt
市中小企业服务中心党支部组织看望帮扶贫困户,工信委,2017-06-19 16:28, 013353737/2017-02453625,扶贫,社会公益,2453625.txt
市节能监察监测中心党员干部节能宣传周进社区开展节能宣传活动,工信委,2017-06-16 12:25, 013353737/2017-02451563,节能,节能与资源综合利用,2451563.txt
市工信委开展“车让人”主题实践活动,工信委,2017-06-15 12:23, 013353737/2017-02451560,工作动态,文秘工作,2451560.txt
诚实守信　开启美好新生活,工信委,2017-06-14 12:22, 013353737/2017-02451557,信用体系,信用,2451557.txt
市工信委市节能监察监测中心开展节能宣传周走进帮扶村宣传慰问活动,工信委,2017-06-14 12:12, 013353737/2017-02451548,慰问,社会公益,2451548.txt
市中小企业服务中心党支部开展“回顾历史，缅怀革命前辈”专题党日活动,工信委,2017-06-13 11:04, 013353737/2017-02451317,参观,机关事务,2451317.txt
市中小企业服务中心举办“性格色彩在企业管理中的应用”培训,工信委,2017-06-13 11:02, 013353737/2017-02451309,培训,教育,2451309.txt
市工信委驻村工作队精心准备迎接全省脱贫攻坚整改工作交叉检查,工信委,2017-06-13 10:50, 013353737/2017-02451272,"扶贫,扶贫帮困",扶贫,2451272.txt
西安市民情大数据地图信息系统项目建设方案通过专家评审,工信委,2017-06-07 21:43, 013353737/2017-02442291,工作动态,文秘工作,2442291.txt
市工信委副主任、工业招商分局局长陈大为会见苏州市清华企业商会,工信委,2017-06-03 21:45, 013353737/2017-02438410,工作动态,文秘工作,2438410.txt
市工信委召开座谈会接洽西安中车长客及中车西安车辆公司相关负责人,工信委,2017-06-03 21:33, 013353737/2017-02438407,工作动态,文秘工作,2438407.txt
市工信委召开2017年推进区县开发区工业促投资稳增长服务活动部署会,工信委,2017-06-02 21:17, 013353737/2017-02438396,工作动态,文秘工作,2438396.txt
市工信委召开西安创建中国软件名城启动动员暨相关工作解读培训会,工信委,2017-06-02 18:04, 013353737/2017-02437950,工作动态,文秘工作,2437950.txt
市社区信息服务管理中心开展扶贫送温暖活动,工信委,2017-06-02 18:02, 013353737/2017-02437942,扶贫,社会公益,2437942.txt
市工信委系统开展助力脱贫爱心捐款活动,工信委,2017-06-02 10:56, 013353737/2017-02437239,募捐,社会公益,2437239.txt
市社区中心开展“不忘初心，永跟党走”主题党日活动,工信委,2017-05-26 21:39, 013353737/2017-02432284,工作动态,文秘工作,2432284.txt
党员进社区  共建促和谐,工信委,2017-05-25 19:53, 013353737/2017-02430562,工作动态,文秘工作,2430562.txt
省清理取缔“散乱污”企业专项整治办公室第一督导组检查我市专项整治工作推进情况,工信委,2017-05-25 13:12, 013353737/2017-02430043,环保,监督检查,2430043.txt
《保密宣教动画片》第四集：泄露国家秘密违法，举报泄密行为获奖,工信委,2017-05-25 11:00, 013353737/2017-02429844,公益广告,其他,2429844.txt
《保密宣教动画片》第三集：军迷发帖上头条，稍不留神易泄密,工信委,2017-05-25 10:58, 013353737/2017-02429841,公益广告,其他,2429841.txt
《保密宣教动画片》第二集：淘汰设备须注意，稍不留神易泄密,工信委,2017-05-25 10:56, 013353737/2017-02429838,公益公告,其他,2429838.txt
《保密宣教动画片》第一集：社会交往要警惕，日常交流不涉密,工信委,2017-05-24 20:47, 013353737/2017-02429422,公益公告,其他,2429422.txt
工信部调研西安有色金属产业,工信委,2017-05-19 21:09, 013353737/2017-02419250,调研,机关事务,2419250.txt
市中小企业服务中心举办“聚焦资本进实体助力秦商大发展”资本市场培训及对接主题活动,工信委,2017-05-19 17:06, 013353737/2017-02418822,培训,教育,2418822.txt
市中小企业服务中心举办的第三期“项目经理人”培训,工信委,2017-05-17 22:25, 013353737/2017-02416509,培训,教育,2416509.txt
市工信委传达学习省第十三次党代会精神,工信委,2017-05-16 13:42, 013353737/2017-02413735,工作动态,文秘工作,2413735.txt
市工信委赴户县蒋村镇青一村开展精准扶贫活动,工信委,2017-05-15 20:58, 013353737/2017-02413135,"扶贫,扶贫帮困",扶贫,2413135.txt
十四名院士专家为我市“中国制造2025”把脉,工信委,2017-05-12 13:30, 013353737/2017-02410724,工作动态,文秘工作,2410724.txt
市纪委驻市工信委纪检组深入帮扶村督导精准扶贫工作,工信委,2017-05-11 23:50, 013353737/2017-02410155,扶贫,扶贫,2410155.txt
第一期“项目经理人”培训班结业,工信委,2017-05-10 10:17, 013353737/2017-02407659,培训,教育,2407659.txt
工信部专家组对我市创建“中国制造2025”城市试点示范申报工作进行考察评估,工信委,2017-05-09 22:22, 013353737/2017-02407379,工作动态,文秘工作,2407379.txt
市工信委系统传达学习王永康书记在全市“追赶超越”一季度汇报点评会上重要讲话精神,工信委,2017-05-09 17:59, 013353737/2017-02407314,工作动态,文秘工作,2407314.txt
市工信委举办“工信大讲堂”打造干部学习教育新载体,工信委,2017-05-09 17:46, 013353737/2017-02407249,工作动态,文秘工作,2407249.txt
市节能监察监测中心组织召开陕西省2017年国家重大工业节能专项监察工作培训暨启动仪式,工信委,2017-05-02 14:21, 013353737/2017-02401037,节能,节能与资源综合利用,2401037.txt
市节能监察监测中心组织开展党日活动,工信委,2017-04-27 16:17, 013353737/2017-02398125,参观,机关事务,2398125.txt
市工信委领导深入青一村调研指导脱贫攻坚工作,工信委,2017-04-26 22:32, 013353737/2017-02397318,"扶贫,扶贫帮困",扶贫,2397318.txt
省委第一环保督查组深入长安区现场检查,工信委,2017-04-22 20:03, 013353737/2017-02385493,环保,监督检查,2385493.txt
长安区中小企业促进局举办中小企业挂牌上市业务培训会,工信委,2017-04-22 20:00, 013353737/2017-02385490,培训,教育,2385490.txt
市政府召开全市工业促投资稳增长工作推进会,工信委,2017-04-20 17:33, 013353737/2017-02377334,投资,重大项目建设,2377334.txt
市工信委召开部分园区和企业配套协作座谈会,工信委,2017-04-19 13:03, 013353737/2017-02375509,工作动态,文秘工作,2375509.txt
市工信委党组召开扩大会议专题研究省委环保督察巡查组提交问题事项,工信委,2017-04-16 12:19, 013353737/2017-02371288,环保,监督检查,2371288.txt
长安区中小企业促进局组织企业走进云计算基地,工信委,2017-04-16 12:17, 013353737/2017-02371285,参观,机关事务,2371285.txt
市工信委党组书记孙琦峰调研高端装备企业,工信委,2017-04-14 17:48, 013353737/2017-02370906,调研,机关事务,2370906.txt
市节能监察监测中心举办重点用能企业碳排放权交易培训班,工信委,2017-04-14 16:27, 013353737/2017-02370537,培训,教育,2370537.txt
市工信委有关同志赴蓝田县调研“民情大数据地图”工作,工信委,2017-04-12 17:39, 013353737/2017-02367772,调研,机关事务,2367772.txt
市工信委“小散乱污”企业整治工作取得阶段性进展,工信委,2017-04-12 17:30, 013353737/2017-02367756,环保,环境监测、保护与治理,2367756.txt
市工信委组织检查长安区“小散乱污”企业整治整改落实情况,工信委,2017-04-12 17:29, 013353737/2017-02367752,环保,环境监测、保护与治理,2367752.txt
市工信委参加党风政风热线栏目访谈,工信委,2017-04-12 17:19, 013353737/2017-02367747,环保,环境监测、保护与治理,2367747.txt
市工信委与邮储银行西安分行牵手未来5年引支持中小企业发展资金活水100亿元,工信委,2017-04-07 13:56, 013353737/2017-02363798,银行,银行,2363798.txt
市工信委与中信银行西安分行召开金融服务座谈会,工信委,2017-04-07 13:55, 013353737/2017-02363795,金融,银行,2363795.txt
市中小企业服务中心举办第二期“企业所得税汇算清缴新政解析及实操技巧”培训,工信委,2017-04-07 13:05, 013353737/2017-02363769,培训,教育,2363769.txt
阎良区召开一季度工业经济运行分析会,工信委,2017-04-07 12:04, 013353737/2017-02363766,会议,文秘工作,2363766.txt
市工信委在市级机关拔河比赛中取得优异成绩,工信委,2017-03-31 13:24, 013353737/2017-02357520,比赛,体育,2357520.txt
市节能监察监测中心举办工业节能监察工作暨企业能源管理人员培训会,工信委,2017-03-31 13:23, 013353737/2017-02357517,培训,教育,2357517.txt
市工信委举办市第十三次党代会精神宣讲报告会,工信委,2017-03-30 14:40, 013353737/2017-02355921,会议,文秘工作,2355921.txt
市工信委与邮储银行西安分行举行中小企业金融服务座谈会,工信委,2017-03-29 12:57, 013353737/2017-02354350,金融,银行,2354350.txt
市工信委召开2017年度目标责任暨落实全面从严治党责任签订大会,工信委,2017-03-25 13:46, 013353737/2017-02350411,会议,文秘工作,2350411.txt
市工信委举办廉政大讲堂活动,工信委,2017-03-23 15:34, 013353737/2017-02348593,廉政建设,监察,2348593.txt
市工业交通干部学校开展大数据分析方法与应用培训讲座,工信委,2017-03-20 17:58, 013353737/2017-02344981,培训,教育,2344981.txt
市工信委机关干部赴周至开展植树增绿活动,工信委,2017-03-16 17:03, 013353737/2017-02341701,工作动态,文秘工作,2341701.txt
大力推进纪检委员工作室工作 延伸纪检工作触角,工信委,2017-03-09 15:12, 013353737/2017-02334077,纪检,监察,2334077.txt
市工业交通干部学校举办微型党课教育活动,工信委,2017-03-09 10:34, 013353737/2017-02333650,工作动态,文秘工作,2333650.txt
市中小企业服务中心为中小微企业培训“项目经理人”,工信委,2017-03-09 10:31, 013353737/2017-02333638,工作动态,文秘工作,2333638.txt
市中小企业服务中心举办企业财税问题交流会,工信委,2017-03-05 19:58, 013353737/2017-02329882,工作动态,文秘工作,2329882.txt
市社区信息服务管理中心开展志愿帮扶活动,工信委,2017-03-03 16:01, 013353737/2017-02328944,扶贫帮困,社会公益,2328944.txt
市工信委开展反腐倡廉教育活动,工信委,2017-03-01 18:47, 013353737/2017-02326891,廉政,纠正行业不正之风,2326891.txt
深入企业征求意见 强化效能监督追赶超越,工信委,2017-03-01 18:44, 013353737/2017-02326888,工作动态,文秘工作,2326888.txt
市节能监察监测中心召开廉洁自律警示教育专题组织生活会,工信委,2017-02-24 15:20, 013353737/2017-02322759,工作动态,文秘工作,2322759.txt
崇廉倡廉   警钟长鸣,工信委,2017-02-22 15:46, 013353737/2017-02319860,廉政建设,监察,2319860.txt
贯彻市党代会精神 扎实推进追赶超越,工信委,2017-01-26 11:34, 013353737/2017-02299404,工作动态,文秘工作,2299404.txt
市工信委开展走访慰问帮扶村贫困户和高龄老人活动,工信委,2017-01-24 18:05, 013353737/2017-02297662,慰问,优抚安置,2297662.txt
2016年西安市规模以上工业增长9.9%,工信委,2017-01-24 17:47, 013353737/2017-02297614,统计,统计,2297614.txt
2016年西安市规上工业能耗增长3.1%,工信委,2017-01-24 17:46, 013353737/2017-02297592,统计,统计,2297592.txt
西安市组织参加全国信用工作视频会议,工信委,2017-01-19 13:19, 013353737/2017-02292128,信用体系,信用,2292128.txt
市工信委机关党员赴红旗社区开展送温暖送祝福活动,工信委,2017-01-17 20:14, 013353737/2017-02290421,慰问,社会公益,2290421.txt
市工信委定点值守 确保停产限产落实,工信委,2017-01-05 16:03, 013353737/2017-02280173,污染,环境监测、保护与治理,2280173.txt
市信息中心召开 “两学一做”第四次专题研讨,工信委,2016-12-29 14:22, 013353737/2016-02273663,工作动态,文秘工作,2273663.txt
西安企业限产减排达到50%规定,工信委,2016-12-20 15:59, 013353737/2016-02264073,节能减排,节能与资源综合利用,2264073.txt
市节能监察监测中心参加全国节能中心系统工作会并做典型发言,工信委,2016-12-20 15:58, 013353737/2016-02264067,节能减排,节能与资源综合利用,2264067.txt
西安11家企业限产停产 8家水泥粉磨企业停工,工信委,2016-12-20 15:57, 013353737/2016-02264063,节能减排,节能与资源综合利用,2264063.txt
市政府举行智慧城市专题培训报告会,工信委,2016-12-06 14:53, 013353737/2016-02243966,会议,文秘工作,2243966.txt
市政府常务会议审议通过我市贯彻落实省政府工业稳增长促投资21条措施的实施意见,工信委,2016-12-02 13:19, 013353737/2016-02240421,会议,文秘工作,2240421.txt
全国工业节能监察业务（西安）培训班顺利举办,工信委,2016-12-02 13:14, 013353737/2016-02240416,培训,教育,2240416.txt
市委宣讲团到市工信委宣讲党的十八届六中全会精神,工信委,2016-11-30 13:34, 013353737/2016-02237536,工作动态,文秘工作,2237536.txt
市社区中心开展“两学一做”学习教育专题党课,工信委,2016-11-30 13:32, 013353737/2016-02237533,工作动态,文秘工作,2237533.txt
延伸纪检工作触角 实现执纪监督全覆盖,工信委,2016-11-21 17:31, 013353737/2016-02225215,纪检,监察,2225215.txt
市工信委驻村第一书记给村党员上党课,工信委,2016-11-21 10:56, 013353737/2016-02224415,工作动态,文秘工作,2224415.txt
市工信委深入推进驻村联户扶贫工作,工信委,2016-11-18 22:04, 013353737/2016-02223920,扶贫帮困,扶贫,2223920.txt
市中小企业服务中心举办“中小微企业财税公益大讲堂”,工信委,2016-11-18 21:02, 013353737/2016-02223917,工作动态,文秘工作,2223917.txt
市社区中心深入学习贯彻党的十八届六中全会精神,工信委,2016-11-17 15:07, 013353737/2016-02219839,工作动态,文秘工作,2219839.txt
阎良区召开2016年社会信用体系建设工作推进会,工信委,2016-11-10 14:39, 013353737/2016-02211889,信用体系,信用,2211889.txt
新经济引领工业发展  供给侧改革成效显现,工信委,2016-11-07 10:40, 013353737/2016-02207135,工作动态,文秘工作,2207135.txt
市工信委举办青年干部廉政教育讲座,工信委,2016-11-03 13:06, 013353737/2016-02203856,廉政建设,监察,2203856.txt
市节能监察监测中心组织专题片《永远在路上》观后讨论会,工信委,2016-10-27 17:05, 013353737/2016-02197784,工作动态,文秘工作,2197784.txt
全市工业生产稳步提升 利用外资快速增长,工信委,2016-10-27 09:40, 013353737/2016-02196352,工作动态,文秘工作,2196352.txt
市节能监察监测中心顺利完成2016年国家重大工业节能专项监察工作,工信委,2016-10-25 17:08, 013353737/2016-02192747,工作动态,文秘工作,2192747.txt
市中小企业服务中心举办中小微企业劳动用工政策法规讲座,工信委,2016-10-24 13:06, 013353737/2016-02190317,工作动态,文秘工作,2190317.txt
市工信委党组召开“两学一做”第三专题及“三项机制”学习研讨会,工信委,2016-10-21 22:08, 013353737/2016-02189883,动态,其他,2189883.txt
市工信委扎实推进派驻软弱涣散党组织整顿工作,工信委,2016-10-21 22:06, 013353737/2016-02189880,工作动态,文秘工作,2189880.txt
市工信委系统开展党务、纪检干部培训活动,工信委,2016-10-20 14:59, 013353737/2016-02187934,纪检,监察,2187934.txt
市信息中心党支部召开“两学一做”学习教育第三次专题研讨会,工信委,2016-09-28 19:22, 013353737/2016-02171614,工作动态,文秘工作,2171614.txt
市工信委圆满完成机关党委、工会换届工作,工信委,2016-09-19 15:13, 013353737/2016-02162670,工作动态,文秘工作,2162670.txt
市中小企业服务中心党支部开展“两学一做”学习教育第三专题研讨会,工信委,2016-09-19 15:12, 013353737/2016-02162667,工作动态,文秘工作,2162667.txt
第三期“营改增”新政深度解析与应对操作实务讲座顺利举办,工信委,2016-09-19 15:12, 013353737/2016-02162664,工作动态,文秘工作,2162664.txt
跨区域工业节能监察   培养过硬工作作风,工信委,2016-08-23 08:07, 013353737/2016-02141420,节能,节能与资源综合利用,2141420.txt
省委党校教授来市工信委宣讲《中国共产党问责条例》,工信委,2016-08-18 19:38, 013353737/2016-02140071,工作动态,文秘工作,2140071.txt
市节能监察监测中心对三星（中国）半导体有限公司项目开展节能评审工作,工信委,2016-08-18 17:25, 013353737/2016-02139747,节能,节能与资源综合利用,2139747.txt
上半年西安非公经济增加值GDP占比为52.2%,工信委,2016-08-18 16:49, 013353737/2016-02139685,工作动态,文秘工作,2139685.txt
西安市2016年国家重大工业节能专项监察工作培训启动,工信委,2016-08-08 11:03, 013353737/2016-02127301,培训,教育,2127301.txt
西安市社区12343服务热线今起受理社会救助服务问题解答,工信委,2016-08-05 14:13, 013353737/2016-02126297,工作动态,文秘工作,2126297.txt
创新温控监察模式   协助企业节能增效,工信委,2016-07-22 17:41, 013353737/2016-02112933,节能,节能与资源综合利用,2112933.txt
市中小企业服务中心举办新三板挂牌交流会,中小企业服务中心,2016-07-13 18:20, 013353737/2016-02107024,工作动态,文秘工作,2107024.txt
赵平副主任到市节能监察监测中心指导党建工作推进“两学一做”深入开展,工信委,2016-07-11 17:33, 013353737/2016-02105152,工作动态,文秘工作,2105152.txt
市社区信息服务管理中心党支部召开接收预备党员大会,工信委,2016-07-11 16:00, 013353737/2016-02104951,工作动态,文秘工作,2104951.txt
市工信委组织开展“两学一做”知识学习答题活动,工信委,2016-07-08 18:04, 013353737/2016-02104351,工作动态,文秘工作,2104351.txt
市工信委党组召开“两学一做”学习教育专题研讨会议,工信委,2016-07-08 16:10, 013353737/2016-02103920,工作动态,文秘工作,2103920.txt
市黄金办党支部开展党日活动,工信委,2016-07-08 15:45, 013353737/2016-02103893,工作动态,文秘工作,2103893.txt
政协领导做表率  献智助企促发展,工信委,2016-07-08 15:44, 013353737/2016-02103890,工作动态,文秘工作,2103890.txt
市工信委苗立波同志荣获西安市“优秀共产党员”光荣称号,工信委,2016-07-04 12:53, 013353737/2016-02100119,工作动态,文秘工作,2100119.txt
市社区中心组织党员群众集体观看庆祝中国共产党建党95周年大会实况转播,工信委,2016-07-04 12:52, 013353737/2016-02100116,工作动态,文秘工作,2100116.txt
市工信委机关组织集体收看庆祝中国共产党成立95周年大会实况,工信委,2016-07-01 17:56, 013353737/2016-02099236,工作动态,文秘工作,2099236.txt
市中小企业服务中心党支部开展“两学一做”学习教育第二专题研讨会,工信委,2016-07-01 16:21, 013353737/2016-02099053,工作动态,文秘工作,2099053.txt
市节能监察监测中心开展 “坚持根本宗旨，发挥党员作用”专题学习讨论,工信委,2016-07-01 14:57, 013353737/2016-02098870,工作动态,文秘工作,2098870.txt
市工信委召开纪念中国共产党建党95周年暨表彰大会,工信委,2016-06-30 17:41, 013353737/2016-02098331,纪念活动,机关事务,2098331.txt
市工信委副主任、帮扶督导组组长李初管同志督导户县甘河镇尹村两委会整顿,工信委,2016-06-30 10:54, 013353737/2016-02097671,工作动态,文秘工作,2097671.txt
市黄金办支部开展“两学一做”第二专题学习研讨及讲“党的纪律”党课活动,工信委,2016-06-29 17:24, 013353737/2016-02097204,工作动态,文秘工作,2097204.txt
市中小企业服务中心开展党日活动,工信委,2016-06-29 17:19, 013353737/2016-02097199,纪念活动,机关事务,2097199.txt
西安渭北工业区发展服务中心党支部开展“讲规矩、有纪律”第二次专题研讨会,工信委,2016-06-27 18:04, 013353737/2016-02094995,工作动态,文秘工作,2094995.txt
曲江新区全面开展亲商助企活动,工信委,2016-06-23 21:48, 013353737/2016-02093051,工作动态,文秘工作,2093051.txt
灞桥 把服务延伸到亲商助企的每一个环节,工信委,2016-06-23 21:47, 013353737/2016-02093048,工作动态,文秘工作,2093048.txt
户县四项重点措施加快推进“亲商助企”工作,工信委,2016-06-23 21:44, 013353737/2016-02093045,工作动态,文秘工作,2093045.txt
国家工信部重点工业行业能效标准及政策培训班在西安开班,工信委,2016-06-17 18:02, 013353737/2016-02086890,培训,教育,2086890.txt
市节能监察监测中心组织党员到社区开展节能宣传活动,工信委,2016-06-16 15:47, 013353737/2016-02085147,节能,节能与资源综合利用,2085147.txt
亲商助企优环境 经济发展增动力 新城发力冲刺双过半,工信委,2016-06-15 17:17, 013353737/2016-02084177,工作动态,文秘工作,2084177.txt
西安地产品配套信息汇总,工信委,2016-06-15 15:42, 013353737/2016-02085130,地产品配套,其他,2085130.txt
市社区中心开展“庆七一、学党章、明规定、提高工作方法”党课暨第二次专题研讨会,工信委,2016-06-15 12:39, 013353737/2016-02083775,工作动态,文秘工作,2083775.txt
刘春雁副书记到亲商助企联系单位现场解决问题,工信委,2016-06-13 10:32, 013353737/2016-02081717,调研,机关事务,2081717.txt
阎良 亲商助企优环境 以“做”践“学”促发展,工信委,2016-06-12 17:11, 013353737/2016-02084165,工作动态,文秘工作,2084165.txt
周至 亲商助企抓项目促落实 155名助企干部深入企业和项目单位开展服务,工信委,2016-06-12 16:51, 013353737/2016-02084098,工作动态,文秘工作,2084098.txt
市黄金（有色）办深入我市有色金属企业调研,工信委,2016-06-12 16:25, 013353737/2016-02081280,调研,机关事务,2081280.txt
市工信委机关部分党员与红旗社区群众共渡端午节,工信委,2016-06-12 10:24, 013353737/2016-02080816,工作动态,文秘工作,2080816.txt
上官吉庆市长到亲商助企联系单位现场解决问题,工信委,2016-06-08 22:41, 013353737/2016-02080544,调研,机关事务,2080544.txt
装备工业和军民结合党支部组织“两学一做“学习教育第一专题研讨,工信委,2016-06-08 13:52, 013353737/2016-02079943,教育,教育,2079943.txt
市社区中心召开学习《中国共产党地方委员会工作条例》专题会议,工信委,2016-06-07 17:40, 013353737/2016-02079004,会议,文秘工作,2079004.txt
“中国工业企业能效促进项目”西安示范基地能效诊断、能源管理体系建设通过验收,工信委,2016-06-07 17:37, 013353737/2016-02078999,节能,节能与资源综合利用,2078999.txt
市委市政府召开千人亲商助企活动动员大会,工信委,2016-06-04 17:33, 013353737/2016-02078992,会议,文秘工作,2078992.txt
市工信委法规和原材料处支部召开“两学一做”学习教育交流研讨会,工信委,2016-06-02 18:00, 013353737/2016-02075082,会议,文秘工作,2075082.txt
市工信委园区和渭北发展处支部召开“两学一做”主题学习研讨会,工信委,2016-06-02 17:05, 013353737/2016-02075040,会议,文秘工作,2075040.txt
市直机关文明办来我委检查考核文明处室创建工作,工信委,2016-06-01 16:58, 013353737/2016-02075010,文明,新闻快讯,2075010.txt
市工信委纪检组举行“两学一做”专题学习讨论,工信委,2016-06-01 12:32, 013353737/2016-02071205,纪检,监察,2071205.txt
市节能监察监测中心开展 “增强学习教育自觉性”专题学习讨论,工信委,2016-06-01 11:40, 013353737/2016-02071131,教育,教育,2071131.txt
市黄金办召开“两学一做”学习教育第一专题研讨会,工信委,2016-05-31 14:53, 013353737/2016-02068802,会议,文秘工作,2068802.txt
​市信息中心召开“两学一做”学习教育活动第一次专题研讨会,工信委,2016-05-30 20:36, 013353737/2016-02068372,会议,文秘工作,2068372.txt
社区中心举行“坚定理想信念，做政治上的明白人”专题研讨,工信委,2016-05-30 20:35, 013353737/2016-02068369,会议,文秘工作,2068369.txt
市中小企业服务中心党支部开展“两学一做”学习教育第一专题研讨会,中小企业服务中心,2016-05-27 15:29, 013353737/2016-02066567,教育,教育,2066567.txt
走进世界500强德国博世集团博世力士乐（西安）工厂,中小企业服务中心,2016-05-27 15:23, 013353737/2016-02066562,工作动态,文秘工作,2066562.txt
渭北工业区发展服务中心党支部组织“两学一做”学习教育集中学习,工信委,2016-05-27 12:13, 013353737/2016-02066386,教育,教育,2066386.txt
2016第二十届中国国际软件博览会在京举行,工信委,2016-05-27 12:11, 013353737/2016-02066383,博览会,对外经贸合作,2066383.txt
市工信委举办“两学一做”党章专题辅导报告会,工信委,2016-05-25 16:33, 013353737/2016-02064913,工作动态,文秘工作,2064913.txt
市信息中心召开“两学一做”学习教育推进会,信息中心,2016-05-24 13:11, 013353737/2016-02060224,教育,教育,2060224.txt
市黄金办召开“两学一做”学习教育推进会,黄金办,2016-05-23 12:18, 013353737/2016-02059213,教育,教育,2059213.txt
西安发布“十三五”工业发展规划  到2020年将打造两个国家基地,工信委,2016-05-21 22:31, 013353737/2016-02058747,规划,国民经济发展规划、计划,2058747.txt
市中小企业服务中心召开“两学一做”学习教育推进会,中小企业服务中心,2016-05-20 13:07, 013353737/2016-02057789,会议,文秘工作,2057789.txt
市工信委培训党务干部带动“两学一做”学习教育,工信委,2016-05-18 17:55, 013353737/2016-02055297,教育,教育,2055297.txt
我市乐叶光伏高效单晶电池和组件生产基地项目在经开区正式开工,工信委,2016-05-18 15:24, 013353737/2016-02054698,工作动态,文秘工作,2054698.txt
​12385服务热线并入市社区12343服务热线暨开通仪式,社区信息服务管理中心,2016-05-16 17:41, 013353737/2016-02055247,工作动态,文秘工作,2055247.txt
市工信委纪检组认真学习市纪委副书记周建德接受西安日报记者专访文章,工信委,2016-05-16 11:39, 013353737/2016-02071124,纪检,监察,2071124.txt
市社区信息服务管理中心进行“两学一做”学习教育专题党课,社区信息服务管理中心,2016-05-13 17:40, 013353737/2016-02055196,教育,教育,2055196.txt
市工信委纪检组专题安排“两学一做”学习教育,工信委,2016-05-13 11:23, 013353737/2016-02071066,教育,教育,2071066.txt
第二期“营改增”新政深度解析与操作实务讲座如期举办,中小企业服务中心,2016-05-09 17:06, 013353737/2016-02048289,培训,教育,2048289.txt
​市信息中心召开改变工作作风及“两学一做”学习教育动员大会,市信息中心,2016-05-06 15:04, 013353737/2016-02046742,工作动态,文秘工作,2046742.txt
陕西省将举办2016年度科技成果与企业项目需求对接活动,工信委,2016-05-03 11:24, 013353737/2016-02042514,工作动态,文秘工作,2042514.txt
市节能监察监测中心召开“两学一做”学习教育动员大会,节能监察监测中心,2016-04-29 13:31, 013353737/2016-02040799,教育,教育,2040799.txt
“工业企业可持续发展之道”公益讲座顺利举办,中小企业服务中心,2016-04-29 13:28, 013353737/2016-02040796,培训,教育,2040796.txt
2016年度西安市支持区县工业园区发展专项资金项目评审得分结果公布表,工信委,2016-04-29 13:26, 013353737/2016-02040793,资金,财政,2040793.txt
市工信委召开“两学一做”学习教育动员部署会,工信委,2016-04-21 14:00, 013353737/2016-02034010,教育,教育,2034010.txt
市中小企业服务中心举办中小微企业税务辅导讲座,中小企业服务中心,2016-04-21 13:34, 013353737/2016-02033989,培训,教育,2033989.txt
市工信委对新任处级干部进行集体廉政谈话,工信委,2016-04-18 10:57, 013353737/2016-02032856,廉政建设,监察,2032856.txt
我市企业技术中心44人享受“三秦人才津贴”,工信委,2016-04-05 21:17, 013353737/2016-02022631,技术,科技,2022631.txt
市级机关“麦锐思杯”拔河比赛圆满落下帷幕,工信委,2016-04-01 21:05, 013353737/2016-02022628,比赛,体育,2022628.txt
【西安日报】大国重器 西安制造——我市首台（套）重大设备巡礼（十）,工信委,2016-03-30 15:00, 013353737/2016-02018758,技术,科技,2018758.txt
【西安日报】大国重器 西安制造——我市首台（套）重大设备巡礼（九）,工信委,2016-03-29 10:29, 013353737/2016-02017491,技术,科技,2017491.txt
​阎良区赴深圳精准招商,工信委,2016-03-28 11:58, 013353737/2016-02016758,工作动态,文秘工作,2016758.txt
​【西安日报】大国重器 西安制造——我市首台（套）重大设备巡礼（八）,工信委,2016-03-28 10:04, 013353737/2016-02016519,技术,科技,2016519.txt
​【西安日报】大国重器 西安制造——我市首台（套）重大设备巡礼（七）,工信委,2016-03-25 13:13, 013353737/2016-02015769,技术,科技,2015769.txt
【西安日报】大国重器 西安制造——我市首台（套）重大设备巡礼（六）,工信委,2016-03-24 13:48, 013353737/2016-02014621,j技术,其他,2014621.txt
​【西安日报】大国重器 西安制造——我市首台（套）重大设备巡礼（五）,工信委,2016-03-23 10:41, 013353737/2016-02013017,技术,科技,2013017.txt
【西安日报】大国重器 西安制造——我市首台（套）重大设备巡礼（四）,工信委,2016-03-22 11:45, 013353737/2016-02012258,技术,科技,2012258.txt
【西安日报】大国重器 西安制造——我市首台（套）重大设备巡礼（三）,工信委,2016-03-21 11:59, 013353737/2016-02010615,技术,科技,2010615.txt
【西安日报】大国重器 西安制造——我市首台（套）重大设备巡礼（二）,工信委,2016-03-18 09:47, 013353737/2016-02009076,技术,科技,2009076.txt
【西安日报】大国重器 西安制造——我市首台（套）重大设备巡礼（一）,工信委,2016-03-17 21:31, 013353737/2016-02008928,技术,科技,2008928.txt
市工信委与电信西安分公司签署打造“西安企业云平台”合作协议,工信委,2016-03-11 16:41, 013353737/2016-02003728,合作,对外经贸合作,2003728.txt
市工信委机关为丰泽园养老院开展爱心捐衣活动,工信委,2016-03-11 16:39, 013353737/2016-02003725,社会捐助,社会公益,2003725.txt
市工信委机关女同志喜庆“三八”国际劳动妇女节,工信委,2016-03-09 14:41, 013353737/2016-02002730,妇女,妇女,2002730.txt
市工信委传达学习市纪委六次全会精神,工信委,2016-02-29 14:23, 013353737/2016-01990490,工作动态,文秘工作,1990490.txt
市节能监察监测中心组织学习“两项法规”,工信委,2016-02-15 11:05, 013353737/2016-01953693,工作动态,文秘工作,1953693.txt
市工信委到帮扶村开展新春慰问高龄老人活动,工信委,2016-02-03 08:52, 013353737/2016-01931515,慰问,社会公益,1931515.txt
市工信委机关党员进社区开展送温暖送祝福活动,工信委,2016-02-01 12:31, 013353737/2016-01929756,慰问,优抚安置,1929756.txt
市工信委召开2015年度总结表彰暨2016年目标责任签订大会,工信委,2016-01-28 10:21, 013353737/2016-01927642,会议,文秘工作,1927642.txt
全国工业节能监察工作座谈会在西安召开,工信委,2016-01-25 10:18, 013353737/2016-01927639,会议,文秘工作,1927639.txt
市中小企业服务中心召开组织生活会和2015年目标考评会,中小企业服务中心,2016-01-15 15:54, 013353737/2016-01921649,工作动态,文秘工作,1921649.txt
市工信委党组召开“三严三实”专题民主生活会,工信委,2016-01-12 17:44, 013353737/2016-01919967,工作动态,文秘工作,1919967.txt
市工信委机关启动“天天健步走”活动,工信委,2015-12-31 13:47, 013353737/2015-01909122,工作动态,文秘工作,1909122.txt
市中小企业服务中心召开公共服务平台建设年终座谈会,工信委,2015-12-30 16:03, 013353737/2015-01908183,会议,文秘工作,1908183.txt
2015中国（西安）节能低碳新产品新技术新机制推介会成功召开,工信委,2015-12-18 21:09, 013353737/2015-01901589,节能,节能与资源综合利用,1901589.txt
我市第一批重点用能单位能源审计审核验收工作圆满完成,工信委,2015-11-30 10:29, 013353737/2015-01879778,审计,审计,1879778.txt
市中小企业服务中心为中小企业举办专题报告会,中小企业服务中心,2015-11-25 20:50, 013353737/2015-01875188,工作动态,文秘工作,1875188.txt
市工信委举行《中国共产党廉洁自律准则》和《中国共产党纪律处分条例》专题辅导讲座,工信委,2015-11-25 14:49, 013353737/2015-01874984,廉政建设,监察,1874984.txt
市节能监察监测中心参加“中国节博会”展赞誉而归,工信委,2015-11-22 13:24, 013353737/2015-01879775,博览会,对外经贸合作,1879775.txt
市委宣讲团来市工信委宣讲党的十八届五中全会精神,工信委,2015-11-19 16:08, 013353737/2015-01871463,工作动态,文秘工作,1871463.txt
市中小企业服务中心举办中小微企业税务讲座,中小企业服务中心,2015-11-19 16:05, 013353737/2015-01871460,培训,教育,1871460.txt
市工信委召开反恐怖工作会议,工信委,2015-11-18 22:58, 013353737/2015-01870701,工作动态,文秘工作,1870701.txt
西安市七个园区被认定为全省第一批小型微型企业创业基地,工信委,2015-11-16 13:23, 013353737/2015-01868124,工作动态,文秘工作,1868124.txt
市工信委举办“严以用权”专题辅导报告会,工信委,2015-11-12 16:54, 013353737/2015-01866629,工作动态,文秘工作,1866629.txt
市工信委非公党建指导员集中赴企开展调研工作,工信委,2015-11-12 16:50, 013353737/2015-01866617,调研,机关事务,1866617.txt
市节能监察监测中心开展主题党日活动,工信委,2015-11-12 16:42, 013353737/2015-01866599,节能,节能与资源综合利用,1866599.txt
市工信委传达学习十八届五中全会精神,工信委,2015-11-05 20:06, 013353737/2015-01855590,工作动态,文秘工作,1855590.txt
西安日报：西安工业的“十二五”突破之路,工信委,2015-10-30 14:36, 013353737/2015-01850850,工业,机械制造与重工业,1850850.txt
市工信委组织党员干部到陕西省女子监狱进行警示教育,工信委,2015-09-30 14:50, 013353737/2015-01831874,教育,教育,1831874.txt
市中小企业服务中心举办现代服务业管理专题讲座,工信委,2015-09-30 14:49, 013353737/2015-01831841,工作动态,文秘工作,1831841.txt
市工信委邀请市委党校李清芳教授作“三严三实”专题辅导报告,工信委,2015-09-29 17:12, 013353737/2015-01830666,工作动态,文秘工作,1830666.txt
浓情中秋情系丰泽园孤寡残疾老人,工信委,2015-09-22 11:34, 013353737/2015-01823582,慰问,社会公益,1823582.txt
市直机关第八届运动会田径娱乐类比赛圆满收官,工信委,2015-09-11 17:17, 013353737/2015-01816193,运动会,体育,1816193.txt
三星（中国）半导体有限公司产值突破百亿元大关,工信委,2015-09-10 17:13, 013353737/2015-01815395,工作动态,文秘工作,1815395.txt
市工信委班子成员集体收看抗战胜利纪念大会实况,工信委,2015-09-03 17:26, 013353737/2015-01810669,工作动态,文秘工作,1810669.txt
市工信委组织开展“三严三实”第二专题第一次学习研讨会,工信委,2015-08-28 15:38, 013353737/2015-01807298,工作动态,文秘工作,1807298.txt
我市第六批水平衡测试验收工作圆满完成,工信委,2015-08-19 11:02, 013353737/2015-01799943,节水,水利、水务,1799943.txt
市节能监察监测中心组织党员到社区开展节能宣传活动,工信委,2015-08-12 10:53, 013353737/2015-01796534,节能,节能与资源综合利用,1796534.txt
市节能监察监测中心开展“模拟执法课堂”活动,工信委,2015-08-06 13:27, 013353737/2015-01782648,工作动态,文秘工作,1782648.txt
西安市级机关干部职工硬笔书法暨手工艺作品展圆满落幕,工信委,2015-08-06 13:26, 013353737/2015-01782638,工作动态,文秘工作,1782638.txt
西安市举办中小微企业税务及政策辅导讲座,工信委,2015-08-05 10:54, 013353737/2015-01781357,工作动态,文秘工作,1781357.txt
酷派智能终端生产项目落户西安高新区正式签约,工信委,2015-08-03 13:55, 013353737/2015-01779750,工作动态,文秘工作,1779750.txt
市政府召开上半年全市工业经济运行分析会,工信委,2015-07-28 18:34, 013353737/2015-01775772,会议,文秘工作,1775772.txt
市工信委组织参加工业和信息化系统年中电视电话会议,工信委,2015-07-20 15:55, 013353737/2015-01759222,工作动态,文秘工作,1759222.txt
市工信委传达李克强总理讲话精神,工信委,2015-07-14 10:07, 013353737/2015-01747019,工作动态,文秘工作,1747019.txt
我市出台11条措施稳投资促发展,工信委,2015-07-08 21:38, 013353737/2015-01609094,工作动态,文秘工作,1609094.txt
国家工信部全国节能监察人员培训班在西安举办,工信委,2015-07-08 21:35, 013353737/2015-01609091,培训,教育,1609091.txt
打造西安工业升级版,工信委,2015-07-08 21:34, 013353737/2015-01609088,工作动态,文秘工作,1609088.txt
市社区中心开展主题党日活动,工信委,2015-07-06 22:25, 013353737/2015-01607233,工作动态,文秘工作,1607233.txt
​市中小企业服务中心党支部开展纪念“七一”党日活动,工信委,2015-07-02 17:41, 013353737/2015-01605099,工作动态,文秘工作,1605099.txt
市工信委举办“党的政策暖人心”主题宣讲活动,工信委,2015-06-29 16:58, 013353737/2015-01601175,工作动态,文秘工作,1601175.txt
市工信委举办“三严三实”专题辅导报告会,工信委,2015-06-29 16:57, 013353737/2015-01601172,工作动态,文秘工作,1601172.txt
西安市中小微企业融资培训及交流座谈会顺利举行,工信委,2015-06-25 15:35, 013353737/2015-01598662,工作动态,文秘工作,1598662.txt
追忆革命历史  坚定理想信念,工信委,2015-06-12 15:28, 013353737/2015-01582973,工作动态,文秘工作,1582973.txt
张新民同志为市工信委党员干部讲“三严三实”专题党课,工信委,2015-06-03 12:46, 013353737/2015-01568082,培训,教育,1568082.txt
市级机关第八届运动会拔河比赛圆满落下帷幕,工信委,2015-05-29 13:39, 013353737/2015-01564568,比赛,体育,1564568.txt
市工信委系统积极参与市直机关八运会开幕式暨越野赛活动,工信委,2015-05-15 13:31, 013353737/2015-01539791,工作动态,文秘工作,1539791.txt
市黄金办党支部赴川陕革命根据地纪念馆开展主题党日活动,工信委,2015-05-15 13:31, 013353737/2015-01539788,工作动态,文秘工作,1539788.txt
市工信委两位离退休干部受到市委表彰,工信委,2015-04-30 16:56, 013353737/2015-01533732,表彰,人事工作,1533732.txt
市工信委党委迅速贯彻落实市委常委（扩大）会议精神,工信委,2015-04-29 14:27, 013353737/2015-01526940,工作动态,文秘工作,1526940.txt
市工信委与陕西省信息化工程研究院建立战略合作伙伴关系,工信委,2015-04-15 14:49, 013353737/2015-01517103,工作动态,文秘工作,1517103.txt
市工信委举办两化融合专题学习讲座,工信委,2015-03-31 21:37, 013353737/2015-01507524,工作动态,文秘工作,1507524.txt
省工信厅领导到市节能中心考察调研,工信委,2015-03-30 13:55, 013353737/2015-01505367,调研,机关事务,1505367.txt
市工信委开展女职工维权法律知识答题活动,工信委,2015-03-25 15:56, 013353737/2015-01501784,工作动态,文秘工作,1501784.txt
市工信委开展植树活动,工信委,2015-03-13 15:16, 013353737/2015-01490950,工作动态,文秘工作,1490950.txt
​市工业技工学校教师马军入选2月“西安好人榜”,工信委,2015-03-13 15:03, 013353737/2015-01490895,表彰,人事工作,1490895.txt
接受国学洗礼  提升心灵智慧,工信委,2015-03-09 21:40, 013353737/2015-01487328,参观,机关事务,1487328.txt
三部门联合印发《国家增材制造产业发展推进计划（2015-2016年）》,工信委,2015-02-28 14:56, 013353737/2015-01479844,产业,经济体制改革,1479844.txt
市中小企业服务中心在职党员开展进社区服务活动,工信委,2015-02-26 22:52, 013353737/2015-01478851,工作动态,文秘工作,1478851.txt
市工信委召开2014年度总结表彰暨2015年目标责任签订大会,工信委,2015-02-10 16:48, 013353737/2015-01471938,工作动态,文秘工作,1471938.txt
市工信委节前慰问帮扶村贫困户,工信委,2015-02-06 13:40, 013353737/2015-01469215,扶贫帮困,扶贫,1469215.txt
市工信委系统大力开展党员进社区活动,工信委,2015-02-06 13:38, 013353737/2015-01469212,工作动态,文秘工作,1469212.txt
阎良区召开亲商助企活动推进会,工信委,2016-11-30 15:38, 013353737/2016-02237680,工作动态,文秘工作,2237680.txt
关于印发《西安市企业技术中心认定管理办法》的通知,工信委,2016-07-28 21:03, 013353737/2017-02121558,通知,文秘工作,信发〔2016〕94号,2121558.txt
